folder,path,decision,center_method,best_normal_rate,best_flipped_rate,best_normal_label,best_flipped_label,apply_mirror,apply_swap_owner,apply_swap_entities,applied,error
20230929001326-ummm-bn6-vs-DthKrdMnSP-round2-p1,data/dataset/20230929001326-ummm-bn6-vs-DthKrdMnSP-round2-p1/actions.jsonl,unclear,kmeans,0.996506,0.996506,"normal | owner=0->P,1->E | entities=as-is","flipped | owner=0->P,1->E | entities=swap",True,False,True,False,
20230929001326-ummm-bn6-vs-IndianaOrz-round2-p2,data/dataset/20230929001326-ummm-bn6-vs-IndianaOrz-round2-p2/actions.jsonl,unclear,quantile,0.953544,0.953544,"normal | owner=0->P,1->E | entities=as-is","flipped | owner=0->P,1->E | entities=swap",True,False,True,False,
20230929001213-ummm-bn6-vs-DthKrdMnSP-round1-p1,data/dataset/20230929001213-ummm-bn6-vs-DthKrdMnSP-round1-p1/actions.jsonl,normal,quantile,1.000000,0.967598,"normal | owner=0->P,1->E | entities=as-is","flipped | owner=0->P,1->E | entities=swap",True,False,True,False,
20230929001213-ummm-bn6-vs-IndianaOrz-round1-p2,data/dataset/20230929001213-ummm-bn6-vs-IndianaOrz-round1-p2/actions.jsonl,flip,quantile,0.970463,1.000000,"normal | owner=0->P,1->E | entities=as-is","flipped | owner=0->P,1->E | entities=swap",True,False,True,True,
20230929035201-ummm-bn6-vs-IndianaOrz-round1-p1,data/dataset/20230929035201-ummm-bn6-vs-IndianaOrz-round1-p1/actions.jsonl,normal,kmeans,0.784429,0.568378,"normal | owner=0->P,1->E | entities=as-is","flipped | owner=0->P,1->E | entities=as-is",True,False,False,False,
20230929015821-ummm-bn6-vs-BiohazrdMnSP-round1-p1,data/dataset/20230929015821-ummm-bn6-vs-BiohazrdMnSP-round1-p1/actions.jsonl,normal,quantile,0.996650,0.939161,"normal | owner=0->P,1->E | entities=as-is","flipped | owner=0->P,1->E | entities=swap",True,False,True,False,
20230929014832-ummm-bn6-vs-IndianaOrz-round1-p1,data/dataset/20230929014832-ummm-bn6-vs-IndianaOrz-round1-p1/actions.jsonl,unclear,kmeans,0.997590,0.995829,"normal | owner=0->P,1->E | entities=as-is","flipped | owner=0->P,1->E | entities=swap",True,False,True,False,
20230929021718-ummm-bn6-vs-BiohazrdMnSP-round1-p2,data/dataset/20230929021718-ummm-bn6-vs-BiohazrdMnSP-round1-p2/actions.jsonl,unclear,kmeans,1.000000,1.000000,"normal | owner=0->P,1->E | entities=as-is","flipped | owner=0->P,1->E | entities=swap",True,False,True,False,
20230929005054-ummm-bn6-vs-IndianaOrz-round3-p1,data/dataset/20230929005054-ummm-bn6-vs-IndianaOrz-round3-p1/actions.jsonl,normal,kmeans,0.997021,0.902496,"normal | owner=0->P,1->E | entities=as-is","flipped | owner=0->P,1->E | entities=swap",True,False,True,False,
20230929025233-ummm-bn6-vs-DthKrdMnSP-round1-p1,data/dataset/20230929025233-ummm-bn6-vs-DthKrdMnSP-round1-p1/actions.jsonl,normal,quantile,0.998826,0.667897,"normal | owner=0->P,1->E | entities=as-is","flipped | owner=0->P,1->E | entities=swap",True,False,True,False,
20230929035359-ummm-bn6-vs-IndianaOrz-round2-p1,data/dataset/20230929035359-ummm-bn6-vs-IndianaOrz-round2-p1/actions.jsonl,normal,kmeans,0.999305,0.770428,"normal | owner=0->P,1->E | entities=as-is","flipped | owner=0->P,1->E | entities=swap",True,False,True,False,
20230929011053-ummm-bn6-vs-IndianaOrz-round2-p1,data/dataset/20230929011053-ummm-bn6-vs-IndianaOrz-round2-p1/actions.jsonl,normal,quantile,1.000000,0.604720,"normal | owner=0->P,1->E | entities=as-is","flipped | owner=0->P,1->E | entities=swap",True,False,True,False,
20230929020048-ummm-bn6-vs-BiohazrdMnSP-round2-p2,data/dataset/20230929020048-ummm-bn6-vs-BiohazrdMnSP-round2-p2/actions.jsonl,normal,quantile,0.712696,0.651879,"normal | owner=0->P,1->E | entities=as-is","flipped | owner=0->P,1->E | entities=swap",True,False,True,False,
20230929015052-ummm-bn6-vs-IndianaOrz-round2-p1,data/dataset/20230929015052-ummm-bn6-vs-IndianaOrz-round2-p1/actions.jsonl,normal,quantile,0.999696,0.614040,"normal | owner=0->P,1->E | entities=as-is","flipped | owner=0->P,1->E | entities=swap",True,False,True,False,
20230929020344-ummm-bn6-vs-BiohazrdMnSP-round3-p1,data/dataset/20230929020344-ummm-bn6-vs-BiohazrdMnSP-round3-p1/actions.jsonl,unclear,quantile,0.995707,0.995707,"normal | owner=0->P,1->E | entities=as-is","flipped | owner=0->P,1->E | entities=swap",True,False,True,False,
20230929004739-ummm-bn6-vs-DthKrdMnSP-round2-p1,data/dataset/20230929004739-ummm-bn6-vs-DthKrdMnSP-round2-p1/actions.jsonl,normal,quantile,1.000000,0.758612,"normal | owner=0->P,1->E | entities=as-is","flipped | owner=0->P,1->E | entities=swap",True,False,True,False,
20230929025517-ummm-bn6-vs-IndianaOrz-round2-p1,data/dataset/20230929025517-ummm-bn6-vs-IndianaOrz-round2-p1/actions.jsonl,normal,quantile,0.761626,0.622867,"normal | owner=0->P,1->E | entities=swap","flipped | owner=0->P,1->E | entities=as-is",True,False,False,False,
20230929010732-ummm-bn6-vs-IndianaOrz-round1-p1,data/dataset/20230929010732-ummm-bn6-vs-IndianaOrz-round1-p1/actions.jsonl,normal,quantile,0.998375,0.704983,"normal | owner=0->P,1->E | entities=as-is","flipped | owner=0->P,1->E | entities=swap",True,False,True,False,
20230929035201-ummm-bn6-vs-DthKrdMnSP-round1-p2,data/dataset/20230929035201-ummm-bn6-vs-DthKrdMnSP-round1-p2/actions.jsonl,flip,quantile,0.631422,0.970049,"normal | owner=0->P,1->E | entities=as-is","flipped | owner=0->P,1->E | entities=swap",True,False,True,True,
20230929014832-ummm-bn6-vs-DthKrdMnSP-round1-p2,data/dataset/20230929014832-ummm-bn6-vs-DthKrdMnSP-round1-p2/actions.jsonl,flip,kmeans,0.868465,0.998424,"normal | owner=0->P,1->E | entities=as-is","flipped | owner=0->P,1->E | entities=swap",True,False,True,True,
20230929023540-ummm-bn6-vs-BiohazrdMnSP-round2-p2,data/dataset/20230929023540-ummm-bn6-vs-BiohazrdMnSP-round2-p2/actions.jsonl,flip,kmeans,0.985814,1.000000,"normal | owner=0->P,1->E | entities=as-is","flipped | owner=0->P,1->E | entities=swap",True,False,True,True,
20230929005408-ummm-bn6-vs-IndianaOrz-round1-p1,data/dataset/20230929005408-ummm-bn6-vs-IndianaOrz-round1-p1/actions.jsonl,normal,quantile,0.988046,0.635390,"normal | owner=0->P,1->E | entities=as-is","flipped | owner=0->P,1->E | entities=swap",True,False,True,False,
20230929012017-ummm-bn6-vs-BiohazrdMnSP-round1-p1,data/dataset/20230929012017-ummm-bn6-vs-BiohazrdMnSP-round1-p1/actions.jsonl,normal,quantile,1.000000,0.949169,"normal | owner=0->P,1->E | entities=as-is","flipped | owner=0->P,1->E | entities=swap",True,False,True,False,
20231006011421-lunazoe-bn6-vs-IndianaOrz-round1-p1,data/dataset/20231006011421-lunazoe-bn6-vs-IndianaOrz-round1-p1/actions.jsonl,normal,quantile,1.000000,0.903509,"normal | owner=0->P,1->E | entities=as-is","flipped | owner=0->P,1->E | entities=swap",True,False,True,False,
20230929004225-ummm-bn6-vs-DthKrdMnSP-round1-p1,data/dataset/20230929004225-ummm-bn6-vs-DthKrdMnSP-round1-p1/actions.jsonl,normal,quantile,0.999801,0.760197,"normal | owner=0->P,1->E | entities=as-is","flipped | owner=0->P,1->E | entities=swap",True,False,True,False,
20230929040011-ummm-bn6-vs-DthKrdMnSP-round1-p1,data/dataset/20230929040011-ummm-bn6-vs-DthKrdMnSP-round1-p1/actions.jsonl,normal,quantile,0.998617,0.629866,"normal | owner=0->P,1->E | entities=as-is","flipped | owner=0->P,1->E | entities=swap",True,False,True,False,
20230929025517-ummm-bn6-vs-DthKrdMnSP-round2-p2,data/dataset/20230929025517-ummm-bn6-vs-DthKrdMnSP-round2-p2/actions.jsonl,flip,quantile,0.604498,0.668421,"normal | owner=0->P,1->E | entities=as-is","flipped | owner=0->P,1->E | entities=swap",True,False,True,True,
20230929005832-ummm-bn6-vs-IndianaOrz-round2-p1,data/dataset/20230929005832-ummm-bn6-vs-IndianaOrz-round2-p1/actions.jsonl,normal,quantile,1.000000,0.683933,"normal | owner=0->P,1->E | entities=as-is","flipped | owner=0->P,1->E | entities=swap",True,False,True,False,
20230929005054-ummm-bn6-vs-DthKrdMnSP-round3-p2,data/dataset/20230929005054-ummm-bn6-vs-DthKrdMnSP-round3-p2/actions.jsonl,flip,quantile,0.890585,0.984415,"normal | owner=0->P,1->E | entities=as-is","flipped | owner=0->P,1->E | entities=swap",True,False,True,True,
20230929025233-ummm-bn6-vs-IndianaOrz-round1-p2,data/dataset/20230929025233-ummm-bn6-vs-IndianaOrz-round1-p2/actions.jsonl,flip,quantile,0.703642,0.997967,"normal | owner=0->P,1->E | entities=as-is","flipped | owner=0->P,1->E | entities=swap",True,False,True,True,
20230929011053-ummm-bn6-vs-DthKrdMnSP-round2-p2,data/dataset/20230929011053-ummm-bn6-vs-DthKrdMnSP-round2-p2/actions.jsonl,flip,quantile,0.642681,1.000000,"normal | owner=0->P,1->E | entities=as-is","flipped | owner=0->P,1->E | entities=swap",True,False,True,True,
20231006011012-lunazoe-bn6-vs-IndianaOrz-round2-p1,data/dataset/20231006011012-lunazoe-bn6-vs-IndianaOrz-round2-p1/actions.jsonl,normal,quantile,0.996084,0.865449,"normal | owner=0->P,1->E | entities=as-is","flipped | owner=0->P,1->E | entities=swap",True,False,True,False,
20230929022250-ummm-bn6-vs-BiohazrdMnSP-round3-p1,data/dataset/20230929022250-ummm-bn6-vs-BiohazrdMnSP-round3-p1/actions.jsonl,normal,quantile,0.997851,0.567891,"normal | owner=0->P,1->E | entities=as-is","flipped | owner=0->P,1->E | entities=swap",True,False,True,False,
20230929004740-ummm-bn6-vs-IndianaOrz-round2-p2,data/dataset/20230929004740-ummm-bn6-vs-IndianaOrz-round2-p2/actions.jsonl,flip,quantile,0.698454,0.997759,"normal | owner=0->P,1->E | entities=as-is","flipped | owner=0->P,1->E | entities=swap",True,False,True,True,
20230929023813-ummm-bn6-vs-BiohazrdMnSP-round1-p2,data/dataset/20230929023813-ummm-bn6-vs-BiohazrdMnSP-round1-p2/actions.jsonl,flip,quantile,0.730791,1.000000,"normal | owner=0->P,1->E | entities=as-is","flipped | owner=0->P,1->E | entities=swap",True,False,True,True,
20231006010702-lunazoe-bn6-vs-IndianaOrz-round1-p1,data/dataset/20231006010702-lunazoe-bn6-vs-IndianaOrz-round1-p1/actions.jsonl,normal,quantile,0.928111,0.784124,"normal | owner=0->P,1->E | entities=as-is","flipped | owner=0->P,1->E | entities=swap",True,False,True,False,
20230929012825-ummm-bn6-vs-BiohazrdMnSP-round3-p1,data/dataset/20230929012825-ummm-bn6-vs-BiohazrdMnSP-round3-p1/actions.jsonl,normal,quantile,1.000000,0.975037,"normal | owner=0->P,1->E | entities=as-is","flipped | owner=0->P,1->E | entities=swap",True,False,True,False,
20230929021937-ummm-bn6-vs-BiohazrdMnSP-round2-p2,data/dataset/20230929021937-ummm-bn6-vs-BiohazrdMnSP-round2-p2/actions.jsonl,flip,quantile,0.680412,1.000000,"normal | owner=0->P,1->E | entities=as-is","flipped | owner=0->P,1->E | entities=swap",True,False,True,True,
20231006015107-lunazoe-bn6-vs-IndianaOrz-round1-p2,data/dataset/20231006015107-lunazoe-bn6-vs-IndianaOrz-round1-p2/actions.jsonl,unclear,quantile,0.995166,0.995166,"normal | owner=0->P,1->E | entities=as-is","flipped | owner=0->P,1->E | entities=swap",True,False,True,False,
20231006011421-lunazoe-bn6-vs-DthKrdMnSP-round1-p2,data/dataset/20231006011421-lunazoe-bn6-vs-DthKrdMnSP-round1-p2/actions.jsonl,flip,quantile,0.933211,1.000000,"normal | owner=0->P,1->E | entities=as-is","flipped | owner=0->P,1->E | entities=swap",True,False,True,True,
20230929041258-ummm-bn6-vs-BiohazrdMnSP-round2-p1,data/dataset/20230929041258-ummm-bn6-vs-BiohazrdMnSP-round2-p1/actions.jsonl,unclear,quantile,0.998141,0.998205,"normal | owner=0->P,1->E | entities=as-is","flipped | owner=0->P,1->E | entities=swap",True,False,True,False,
20230929024105-ummm-bn6-vs-BiohazrdMnSP-round2-p2,data/dataset/20230929024105-ummm-bn6-vs-BiohazrdMnSP-round2-p2/actions.jsonl,flip,quantile,0.582864,1.000000,"normal | owner=0->P,1->E | entities=as-is","flipped | owner=0->P,1->E | entities=swap",True,False,True,True,
20230929040359-ummm-bn6-vs-DthKrdMnSP-round2-p2,data/dataset/20230929040359-ummm-bn6-vs-DthKrdMnSP-round2-p2/actions.jsonl,flip,quantile,0.633621,0.917830,"normal | owner=0->P,1->E | entities=as-is","flipped | owner=0->P,1->E | entities=swap",True,False,True,True,
20230929040359-ummm-bn6-vs-IndianaOrz-round2-p1,data/dataset/20230929040359-ummm-bn6-vs-IndianaOrz-round2-p1/actions.jsonl,flip,kmeans,0.853444,0.994992,"normal | owner=0->P,1->E | entities=as-is","flipped | owner=0->P,1->E | entities=swap",True,False,True,True,
20230929024752-ummm-bn6-vs-BiohazrdMnSP-round2-p2,data/dataset/20230929024752-ummm-bn6-vs-BiohazrdMnSP-round2-p2/actions.jsonl,flip,quantile,0.740678,1.000000,"normal | owner=0->P,1->E | entities=as-is","flipped | owner=0->P,1->E | entities=swap",True,False,True,True,
20230929015052-ummm-bn6-vs-DthKrdMnSP-round2-p2,data/dataset/20230929015052-ummm-bn6-vs-DthKrdMnSP-round2-p2/actions.jsonl,flip,quantile,0.593317,1.000000,"normal | owner=0->P,1->E | entities=as-is","flipped | owner=0->P,1->E | entities=swap",True,False,True,True,
20230929024438-ummm-bn6-vs-BiohazrdMnSP-round1-p2,data/dataset/20230929024438-ummm-bn6-vs-BiohazrdMnSP-round1-p2/actions.jsonl,flip,kmeans,0.792657,0.894170,"normal | owner=0->P,1->E | entities=as-is","flipped | owner=0->P,1->E | entities=swap",True,False,True,True,
20230929023209-ummm-bn6-vs-BiohazrdMnSP-round1-p2,data/dataset/20230929023209-ummm-bn6-vs-BiohazrdMnSP-round1-p2/actions.jsonl,flip,kmeans,0.958608,0.997742,"normal | owner=0->P,1->E | entities=as-is","flipped | owner=0->P,1->E | entities=swap",True,False,True,True,
20231006015108-lunazoe-bn6-vs-DthKrdMnSP-round1-p1,data/dataset/20231006015108-lunazoe-bn6-vs-DthKrdMnSP-round1-p1/actions.jsonl,unclear,kmeans,0.996622,0.996622,"normal | owner=0->P,1->E | entities=as-is","flipped | owner=0->P,1->E | entities=swap",True,False,True,False,
20230929010731-ummm-bn6-vs-DthKrdMnSP-round1-p2,data/dataset/20230929010731-ummm-bn6-vs-DthKrdMnSP-round1-p2/actions.jsonl,flip,quantile,0.756610,0.999464,"normal | owner=0->P,1->E | entities=as-is","flipped | owner=0->P,1->E | entities=swap",True,False,True,True,
20230929035359-ummm-bn6-vs-DthKrdMnSP-round2-p2,data/dataset/20230929035359-ummm-bn6-vs-DthKrdMnSP-round2-p2/actions.jsonl,flip,quantile,0.800874,0.999515,"normal | owner=0->P,1->E | entities=as-is","flipped | owner=0->P,1->E | entities=swap",True,False,True,True,
20231006012408-lunazoe-bn6-vs-IndianaOrz-round1-p1,data/dataset/20231006012408-lunazoe-bn6-vs-IndianaOrz-round1-p1/actions.jsonl,normal,quantile,1.000000,0.878887,"normal | owner=0->P,1->E | entities=as-is","flipped | owner=0->P,1->E | entities=swap",True,False,True,False,
20231006012008-lunazoe-bn6-vs-DthKrdMnSP-round3-p1,data/dataset/20231006012008-lunazoe-bn6-vs-DthKrdMnSP-round3-p1/actions.jsonl,normal,quantile,0.998313,0.579873,"normal | owner=0->P,1->E | entities=as-is","flipped | owner=0->P,1->E | entities=swap",True,False,True,False,
20230929040011-ummm-bn6-vs-IndianaOrz-round1-p2,data/dataset/20230929040011-ummm-bn6-vs-IndianaOrz-round1-p2/actions.jsonl,flip,quantile,0.597695,0.943575,"normal | owner=0->P,1->E | entities=as-is","flipped | owner=0->P,1->E | entities=swap",True,False,True,True,
20231006015259-lunazoe-bn6-vs-IndianaOrz-round2-p1,data/dataset/20231006015259-lunazoe-bn6-vs-IndianaOrz-round2-p1/actions.jsonl,normal,quantile,1.000000,0.559505,"normal | owner=0->P,1->E | entities=as-is","flipped | owner=0->P,1->E | entities=swap",True,False,True,False,
20231006011604-lunazoe-bn6-vs-IndianaOrz-round2-p1,data/dataset/20231006011604-lunazoe-bn6-vs-IndianaOrz-round2-p1/actions.jsonl,normal,quantile,0.998133,0.572562,"normal | owner=0->P,1->E | entities=as-is","flipped | owner=0->P,1->E | entities=swap",True,False,True,False,
20231006012733-lunazoe-bn6-vs-IndianaOrz-round2-p1,data/dataset/20231006012733-lunazoe-bn6-vs-IndianaOrz-round2-p1/actions.jsonl,normal,quantile,1.000000,0.697749,"normal | owner=0->P,1->E | entities=as-is","flipped | owner=0->P,1->E | entities=swap",True,False,True,False,
20230929021227-ummm-bn6-vs-BiohazrdMnSP-round2-p2,data/dataset/20230929021227-ummm-bn6-vs-BiohazrdMnSP-round2-p2/actions.jsonl,flip,quantile,0.787378,0.999499,"normal | owner=0->P,1->E | entities=as-is","flipped | owner=0->P,1->E | entities=swap",True,False,True,True,
20231006011014-lunazoe-bn6-vs-DthKrdMnSP-round2-p2,data/dataset/20231006011014-lunazoe-bn6-vs-DthKrdMnSP-round2-p2/actions.jsonl,flip,quantile,0.918100,0.997706,"normal | owner=0->P,1->E | entities=as-is","flipped | owner=0->P,1->E | entities=swap",True,False,True,True,
20231006032406-lunazoeshelbz-bn6-vs-BiohazrdMnSP-round1-p2,data/dataset/20231006032406-lunazoeshelbz-bn6-vs-BiohazrdMnSP-round1-p2/actions.jsonl,unknown (only 272 entity-observations; need >= 1000),quantile,1.000000,1.000000,"normal | owner=0->P,1->E | entities=swap","flipped | owner=0->P,1->E | entities=as-is",True,False,False,False,
20230929005832-ummm-bn6-vs-DthKrdMnSP-round2-p2,data/dataset/20230929005832-ummm-bn6-vs-DthKrdMnSP-round2-p2/actions.jsonl,flip,quantile,0.730621,1.000000,"normal | owner=0->P,1->E | entities=as-is","flipped | owner=0->P,1->E | entities=swap",True,False,True,True,
20231006020252-lunazoe-bn6-vs-IndianaOrz-round1-p2,data/dataset/20231006020252-lunazoe-bn6-vs-IndianaOrz-round1-p2/actions.jsonl,unclear,quantile,0.986678,0.986678,"normal | owner=0->P,1->E | entities=as-is","flipped | owner=0->P,1->E | entities=swap",True,False,True,False,
20231006020605-lunazoe-bn6-vs-DthKrdMnSP-round2-p2,data/dataset/20231006020605-lunazoe-bn6-vs-DthKrdMnSP-round2-p2/actions.jsonl,unclear,quantile,1.000000,1.000000,"normal | owner=0->P,1->E | entities=as-is","flipped | owner=0->P,1->E | entities=swap",True,False,True,False,
20230929012420-ummm-bn6-vs-BiohazrdMnSP-round2-p2,data/dataset/20230929012420-ummm-bn6-vs-BiohazrdMnSP-round2-p2/actions.jsonl,flip,quantile,0.676518,1.000000,"normal | owner=0->P,1->E | entities=as-is","flipped | owner=0->P,1->E | entities=swap",True,False,True,True,
20231006020253-lunazoe-bn6-vs-DthKrdMnSP-round1-p1,data/dataset/20231006020253-lunazoe-bn6-vs-DthKrdMnSP-round1-p1/actions.jsonl,unclear,quantile,0.970335,0.970335,"normal | owner=0->P,1->E | entities=as-is","flipped | owner=0->P,1->E | entities=swap",True,False,True,False,
20231006020855-lunazoe-bn6-vs-DthKrdMnSP-round3-p1,data/dataset/20231006020855-lunazoe-bn6-vs-DthKrdMnSP-round3-p1/actions.jsonl,unclear,quantile,0.999437,0.999437,"normal | owner=0->P,1->E | entities=as-is","flipped | owner=0->P,1->E | entities=swap",True,False,True,False,
20231006020605-lunazoe-bn6-vs-IndianaOrz-round2-p1,data/dataset/20231006020605-lunazoe-bn6-vs-IndianaOrz-round2-p1/actions.jsonl,unclear,quantile,1.000000,1.000000,"normal | owner=0->P,1->E | entities=as-is","flipped | owner=0->P,1->E | entities=swap",True,False,True,False,
20230929005408-ummm-bn6-vs-DthKrdMnSP-round1-p2,data/dataset/20230929005408-ummm-bn6-vs-DthKrdMnSP-round1-p2/actions.jsonl,flip,quantile,0.731542,0.994588,"normal | owner=0->P,1->E | entities=swap","flipped | owner=0->P,1->E | entities=as-is",True,False,False,True,
20231006024124-lunazoeshelbz-bn6-vs-BiohazrdMnSP-round1-p1,data/dataset/20231006024124-lunazoeshelbz-bn6-vs-BiohazrdMnSP-round1-p1/actions.jsonl,unclear,quantile,1.000000,1.000000,"normal | owner=0->P,1->E | entities=as-is","flipped | owner=0->P,1->E | entities=swap",True,False,True,False,
20231006010703-lunazoe-bn6-vs-DthKrdMnSP-round1-p2,data/dataset/20231006010703-lunazoe-bn6-vs-DthKrdMnSP-round1-p2/actions.jsonl,flip,quantile,0.884425,0.998836,"normal | owner=0->P,1->E | entities=as-is","flipped | owner=0->P,1->E | entities=swap",True,False,True,True,
20231006020854-lunazoe-bn6-vs-IndianaOrz-round3-p2,data/dataset/20231006020854-lunazoe-bn6-vs-IndianaOrz-round3-p2/actions.jsonl,unclear,quantile,0.998954,0.998954,"normal | owner=0->P,1->E | entities=as-is","flipped | owner=0->P,1->E | entities=swap",True,False,True,False,
20231006030440-lunazoeshelbz-bn6-vs-IndianaOrz-round1-p2,data/dataset/20231006030440-lunazoeshelbz-bn6-vs-IndianaOrz-round1-p2/actions.jsonl,unclear,quantile,1.000000,1.000000,"normal | owner=0->P,1->E | entities=as-is","flipped | owner=0->P,1->E | entities=swap",True,False,True,False,
20231006015542-lunazoe-bn6-vs-DthKrdMnSP-round3-p1,data/dataset/20231006015542-lunazoe-bn6-vs-DthKrdMnSP-round3-p1/actions.jsonl,normal,quantile,0.980081,0.538924,"normal | owner=0->P,1->E | entities=as-is","flipped | owner=0->P,1->E | entities=swap",True,False,True,False,
20231006022302-lunazoeshelbz-bn6-vs-BiohazrdMnSP-round3-p2,data/dataset/20231006022302-lunazoeshelbz-bn6-vs-BiohazrdMnSP-round3-p2/actions.jsonl,normal,kmeans,0.919467,0.833616,"normal | owner=0->P,1->E | entities=as-is","flipped | owner=0->P,1->E | entities=swap",True,False,True,False,
20231006030441-lunazoeshelbz-bn6-vs-DthKrdMnSP-round1-p1,data/dataset/20231006030441-lunazoeshelbz-bn6-vs-DthKrdMnSP-round1-p1/actions.jsonl,unclear,quantile,1.000000,1.000000,"normal | owner=0->P,1->E | entities=as-is","flipped | owner=0->P,1->E | entities=swap",True,False,True,False,
20231006030147-lunazoeshelbz-bn6-vs-DthKrdMnSP-round2-p1,data/dataset/20231006030147-lunazoeshelbz-bn6-vs-DthKrdMnSP-round2-p1/actions.jsonl,unclear,quantile,1.000000,1.000000,"normal | owner=0->P,1->E | entities=as-is","flipped | owner=0->P,1->E | entities=swap",True,False,True,False,
20231006021938-lunazoeshelbz-bn6-vs-BiohazrdMnSP-round2-p1,data/dataset/20231006021938-lunazoeshelbz-bn6-vs-BiohazrdMnSP-round2-p1/actions.jsonl,normal,quantile,0.904970,0.629537,"normal | owner=0->P,1->E | entities=as-is","flipped | owner=0->P,1->E | entities=swap",True,False,True,False,
20230929004225-ummm-bn6-vs-IndianaOrz-round1-p2,data/dataset/20230929004225-ummm-bn6-vs-IndianaOrz-round1-p2/actions.jsonl,flip,quantile,0.741099,0.964252,"normal | owner=0->P,1->E | entities=as-is","flipped | owner=0->P,1->E | entities=swap",True,False,True,True,
20231006030645-lunazoeshelbz-bn6-vs-IndianaOrz-round2-p2,data/dataset/20231006030645-lunazoeshelbz-bn6-vs-IndianaOrz-round2-p2/actions.jsonl,unclear,quantile,1.000000,1.000000,"normal | owner=0->P,1->E | entities=as-is","flipped | owner=0->P,1->E | entities=swap",True,False,True,False,
20230929040830-ummm-bn6-vs-BiohazrdMnSP-round1-p2,data/dataset/20230929040830-ummm-bn6-vs-BiohazrdMnSP-round1-p2/actions.jsonl,flip,quantile,0.713362,0.997820,"normal | owner=0->P,1->E | entities=as-is","flipped | owner=0->P,1->E | entities=swap",True,False,True,True,
20231006030850-lunazoeshelbz-bn6-vs-DthKrdMnSP-round3-p2,data/dataset/20231006030850-lunazoeshelbz-bn6-vs-DthKrdMnSP-round3-p2/actions.jsonl,unclear,quantile,0.990771,0.990771,"normal | owner=0->P,1->E | entities=as-is","flipped | owner=0->P,1->E | entities=swap",True,False,True,False,
20230929020733-ummm-bn6-vs-BiohazrdMnSP-round1-p2,data/dataset/20230929020733-ummm-bn6-vs-BiohazrdMnSP-round1-p2/actions.jsonl,flip,quantile,0.616227,0.998362,"normal | owner=0->P,1->E | entities=as-is","flipped | owner=0->P,1->E | entities=swap",True,False,True,True,
20231006012008-lunazoe-bn6-vs-IndianaOrz-round3-p2,data/dataset/20231006012008-lunazoe-bn6-vs-IndianaOrz-round3-p2/actions.jsonl,flip,quantile,0.616520,0.997806,"normal | owner=0->P,1->E | entities=as-is","flipped | owner=0->P,1->E | entities=swap",True,False,True,True,
20231006030146-lunazoeshelbz-bn6-vs-IndianaOrz-round2-p2,data/dataset/20231006030146-lunazoeshelbz-bn6-vs-IndianaOrz-round2-p2/actions.jsonl,unclear,quantile,1.000000,1.000000,"normal | owner=0->P,1->E | entities=as-is","flipped | owner=0->P,1->E | entities=swap",True,False,True,False,
20231006030646-lunazoeshelbz-bn6-vs-DthKrdMnSP-round2-p1,data/dataset/20231006030646-lunazoeshelbz-bn6-vs-DthKrdMnSP-round2-p1/actions.jsonl,unclear,quantile,1.000000,1.000000,"normal | owner=0->P,1->E | entities=as-is","flipped | owner=0->P,1->E | entities=swap",True,False,True,False,
20231006030850-lunazoeshelbz-bn6-vs-IndianaOrz-round3-p1,data/dataset/20231006030850-lunazoeshelbz-bn6-vs-IndianaOrz-round3-p1/actions.jsonl,unclear,quantile,0.990391,0.990391,"normal | owner=0->P,1->E | entities=as-is","flipped | owner=0->P,1->E | entities=swap",True,False,True,False,
20231006015300-lunazoe-bn6-vs-DthKrdMnSP-round2-p2,data/dataset/20231006015300-lunazoe-bn6-vs-DthKrdMnSP-round2-p2/actions.jsonl,flip,quantile,0.640126,1.000000,"normal | owner=0->P,1->E | entities=as-is","flipped | owner=0->P,1->E | entities=swap",True,False,True,True,
20231006025909-lunazoeshelbz-bn6-vs-IndianaOrz-round1-p1,data/dataset/20231006025909-lunazoeshelbz-bn6-vs-IndianaOrz-round1-p1/actions.jsonl,unclear,quantile,1.000000,1.000000,"normal | owner=0->P,1->E | entities=as-is","flipped | owner=0->P,1->E | entities=swap",True,False,True,False,
20231006025910-lunazoeshelbz-bn6-vs-DthKrdMnSP-round1-p2,data/dataset/20231006025910-lunazoeshelbz-bn6-vs-DthKrdMnSP-round1-p2/actions.jsonl,unclear,quantile,1.000000,1.000000,"normal | owner=0->P,1->E | entities=as-is","flipped | owner=0->P,1->E | entities=swap",True,False,True,False,
20231006012409-lunazoe-bn6-vs-DthKrdMnSP-round1-p2,data/dataset/20231006012409-lunazoe-bn6-vs-DthKrdMnSP-round1-p2/actions.jsonl,flip,quantile,0.715083,1.000000,"normal | owner=0->P,1->E | entities=as-is","flipped | owner=0->P,1->E | entities=swap",True,False,True,True,
20231006023901-lunazoeshelbz-bn6-vs-BiohazrdMnSP-round2-p2,data/dataset/20231006023901-lunazoeshelbz-bn6-vs-BiohazrdMnSP-round2-p2/actions.jsonl,flip,quantile,0.980194,0.993714,"normal | owner=0->P,1->E | entities=as-is","flipped | owner=0->P,1->E | entities=swap",True,False,True,True,
20231006015542-lunazoe-bn6-vs-IndianaOrz-round3-p2,data/dataset/20231006015542-lunazoe-bn6-vs-IndianaOrz-round3-p2/actions.jsonl,flip,quantile,0.701040,0.971172,"normal | owner=0->P,1->E | entities=as-is","flipped | owner=0->P,1->E | entities=swap",True,False,True,True,
20231006023650-lunazoeshelbz-bn6-vs-BiohazrdMnSP-round1-p2,data/dataset/20231006023650-lunazoeshelbz-bn6-vs-BiohazrdMnSP-round1-p2/actions.jsonl,flip,quantile,0.679042,0.995467,"normal | owner=0->P,1->E | entities=as-is","flipped | owner=0->P,1->E | entities=swap",True,False,True,True,
20230929041708-ummm-bn6-vs-BiohazrdMnSP-round3-p2,data/dataset/20230929041708-ummm-bn6-vs-BiohazrdMnSP-round3-p2/actions.jsonl,flip,quantile,0.619636,0.682641,"normal | owner=0->P,1->E | entities=as-is","flipped | owner=0->P,1->E | entities=swap",True,False,True,True,
20231006025312-lunazoeshelbz-bn6-vs-BiohazrdMnSP-round2-p2,data/dataset/20231006025312-lunazoeshelbz-bn6-vs-BiohazrdMnSP-round2-p2/actions.jsonl,unclear,quantile,1.000000,1.000000,"normal | owner=0->P,1->E | entities=as-is","flipped | owner=0->P,1->E | entities=swap",True,False,True,False,
20231006011605-lunazoe-bn6-vs-DthKrdMnSP-round2-p2,data/dataset/20231006011605-lunazoe-bn6-vs-DthKrdMnSP-round2-p2/actions.jsonl,flip,quantile,0.686323,0.998567,"normal | owner=0->P,1->E | entities=as-is","flipped | owner=0->P,1->E | entities=swap",True,False,True,True,
20231006024850-lunazoeshelbz-bn6-vs-BiohazrdMnSP-round1-p1,data/dataset/20231006024850-lunazoeshelbz-bn6-vs-BiohazrdMnSP-round1-p1/actions.jsonl,unclear,quantile,0.997029,0.997029,"normal | owner=0->P,1->E | entities=as-is","flipped | owner=0->P,1->E | entities=swap",True,False,True,False,
20231006012734-lunazoe-bn6-vs-DthKrdMnSP-round2-p2,data/dataset/20231006012734-lunazoe-bn6-vs-DthKrdMnSP-round2-p2/actions.jsonl,flip,quantile,0.764526,1.000000,"normal | owner=0->P,1->E | entities=as-is","flipped | owner=0->P,1->E | entities=swap",True,False,True,True,
20231013014618-annular-bn6-vs-BiohazrdMnSP-round1-p1,data/dataset/20231013014618-annular-bn6-vs-BiohazrdMnSP-round1-p1/actions.jsonl,unclear,quantile,1.000000,1.000000,"normal | owner=0->P,1->E | entities=swap","flipped | owner=0->P,1->E | entities=as-is",True,False,False,False,
20231006032857-lunazoeshelbz-bn6-vs-BiohazrdMnSP-round2-p1,data/dataset/20231006032857-lunazoeshelbz-bn6-vs-BiohazrdMnSP-round2-p1/actions.jsonl,normal,quantile,1.000000,0.826115,"normal | owner=0->P,1->E | entities=as-is","flipped | owner=0->P,1->E | entities=swap",True,False,True,False,
20231006031227-lunazoeshelbz-bn6-vs-BiohazrdMnSP-round1-p1,data/dataset/20231006031227-lunazoeshelbz-bn6-vs-BiohazrdMnSP-round1-p1/actions.jsonl,unclear,quantile,0.998140,0.998140,"normal | owner=0->P,1->E | entities=as-is","flipped | owner=0->P,1->E | entities=swap",True,False,True,False,
20231006033229-lunazoeshelbz-bn6-vs-BiohazrdMnSP-round1-p1,data/dataset/20231006033229-lunazoeshelbz-bn6-vs-BiohazrdMnSP-round1-p1/actions.jsonl,normal,quantile,1.000000,0.621358,"normal | owner=0->P,1->E | entities=as-is","flipped | owner=0->P,1->E | entities=swap",True,False,True,False,
20231013003736-annular-bn6-vs-DthKrdMnSP-round1-p1,data/dataset/20231013003736-annular-bn6-vs-DthKrdMnSP-round1-p1/actions.jsonl,normal,quantile,0.997615,0.966604,"normal | owner=0->P,1->E | entities=as-is","flipped | owner=0->P,1->E | entities=swap",True,False,True,False,
20231006031548-lunazoeshelbz-bn6-vs-BiohazrdMnSP-round2-p1,data/dataset/20231006031548-lunazoeshelbz-bn6-vs-BiohazrdMnSP-round2-p1/actions.jsonl,unclear,quantile,0.996321,0.996321,"normal | owner=0->P,1->E | entities=as-is","flipped | owner=0->P,1->E | entities=swap",True,False,True,False,
20231006024326-lunazoeshelbz-bn6-vs-BiohazrdMnSP-round2-p2,data/dataset/20231006024326-lunazoeshelbz-bn6-vs-BiohazrdMnSP-round2-p2/actions.jsonl,flip,quantile,0.545915,1.000000,"normal | owner=0->P,1->E | entities=as-is","flipped | owner=0->P,1->E | entities=swap",True,False,True,True,
20231006034813-lunazoeshelbz-bn6-vs-BiohazrdMnSP-round3-p2,data/dataset/20231006034813-lunazoeshelbz-bn6-vs-BiohazrdMnSP-round3-p2/actions.jsonl,flip,kmeans,0.956605,0.998095,"normal | owner=0->P,1->E | entities=as-is","flipped | owner=0->P,1->E | entities=swap",True,False,True,True,
20231013012355-annular-bn6-vs-DthKrdMnSP-round1-p1,data/dataset/20231013012355-annular-bn6-vs-DthKrdMnSP-round1-p1/actions.jsonl,normal,quantile,0.994548,0.635969,"normal | owner=0->P,1->E | entities=as-is","flipped | owner=0->P,1->E | entities=swap",True,False,True,False,
20231006034443-lunazoeshelbz-bn6-vs-BiohazrdMnSP-round2-p1,data/dataset/20231006034443-lunazoeshelbz-bn6-vs-BiohazrdMnSP-round2-p1/actions.jsonl,normal,quantile,1.000000,0.709679,"normal | owner=0->P,1->E | entities=as-is","flipped | owner=0->P,1->E | entities=swap",True,False,True,False,
20231006032501-lunazoeshelbz-bn6-vs-BiohazrdMnSP-round1-p1,data/dataset/20231006032501-lunazoeshelbz-bn6-vs-BiohazrdMnSP-round1-p1/actions.jsonl,normal,kmeans,0.958187,0.934011,"normal | owner=0->P,1->E | entities=as-is","flipped | owner=0->P,1->E | entities=swap",True,False,True,False,
20231013022039-annular-bn6-vs-BiohazrdMnSP-round1-p2,data/dataset/20231013022039-annular-bn6-vs-BiohazrdMnSP-round1-p2/actions.jsonl,unclear,quantile,0.935229,0.935229,"normal | owner=0->P,1->E | entities=as-is","flipped | owner=0->P,1->E | entities=swap",True,False,True,False,
20231013013155-annular-bn6-vs-IndianaOrz-round3-p1,data/dataset/20231013013155-annular-bn6-vs-IndianaOrz-round3-p1/actions.jsonl,normal,quantile,1.000000,0.898703,"normal | owner=0->P,1->E | entities=as-is","flipped | owner=0->P,1->E | entities=swap",True,False,True,False,
20231013012726-annular-bn6-vs-DthKrdMnSP-round2-p1,data/dataset/20231013012726-annular-bn6-vs-DthKrdMnSP-round2-p1/actions.jsonl,normal,kmeans,0.964794,0.627728,"normal | owner=0->P,1->E | entities=as-is","flipped | owner=0->P,1->E | entities=swap",True,False,True,False,
20231013004114-annular-bn6-vs-DthKrdMnSP-round2-p1,data/dataset/20231013004114-annular-bn6-vs-DthKrdMnSP-round2-p1/actions.jsonl,normal,kmeans,0.997779,0.980663,"normal | owner=0->P,1->E | entities=swap","flipped | owner=0->P,1->E | entities=as-is",True,False,False,False,
20231006023131-lunazoeshelbz-bn6-vs-BiohazrdMnSP-round2-p2,data/dataset/20231006023131-lunazoeshelbz-bn6-vs-BiohazrdMnSP-round2-p2/actions.jsonl,flip,quantile,0.745696,1.000000,"normal | owner=0->P,1->E | entities=as-is","flipped | owner=0->P,1->E | entities=swap",True,False,True,True,
20231006022649-lunazoeshelbz-bn6-vs-BiohazrdMnSP-round1-p2,data/dataset/20231006022649-lunazoeshelbz-bn6-vs-BiohazrdMnSP-round1-p2/actions.jsonl,flip,quantile,0.823551,1.000000,"normal | owner=0->P,1->E | entities=as-is","flipped | owner=0->P,1->E | entities=swap",True,False,True,True,
20231006034146-lunazoeshelbz-bn6-vs-BiohazrdMnSP-round1-p2,data/dataset/20231006034146-lunazoeshelbz-bn6-vs-BiohazrdMnSP-round1-p2/actions.jsonl,flip,quantile,0.591466,1.000000,"normal | owner=0->P,1->E | entities=as-is","flipped | owner=0->P,1->E | entities=swap",True,False,True,True,
20231013005323-annular-bn6-vs-DthKrdMnSP-round2-p1,data/dataset/20231013005323-annular-bn6-vs-DthKrdMnSP-round2-p1/actions.jsonl,normal,quantile,0.993846,0.783771,"normal | owner=0->P,1->E | entities=as-is","flipped | owner=0->P,1->E | entities=swap",True,False,True,False,
20231013021636-annular-bn6-vs-BiohazrdMnSP-round3-p2,data/dataset/20231013021636-annular-bn6-vs-BiohazrdMnSP-round3-p2/actions.jsonl,flip,quantile,0.772903,0.999170,"normal | owner=0->P,1->E | entities=as-is","flipped | owner=0->P,1->E | entities=swap",True,False,True,True,
20231013022351-annular-bn6-vs-BiohazrdMnSP-round2-p2,data/dataset/20231013022351-annular-bn6-vs-BiohazrdMnSP-round2-p2/actions.jsonl,unclear,quantile,1.000000,1.000000,"normal | owner=0->P,1->E | entities=as-is","flipped | owner=0->P,1->E | entities=swap",True,False,True,False,
20231006033529-lunazoeshelbz-bn6-vs-BiohazrdMnSP-round2-p2,data/dataset/20231006033529-lunazoeshelbz-bn6-vs-BiohazrdMnSP-round2-p2/actions.jsonl,flip,quantile,0.620763,0.999498,"normal | owner=0->P,1->E | entities=as-is","flipped | owner=0->P,1->E | entities=swap",True,False,True,True,
20231013013155-annular-bn6-vs-DthKrdMnSP-round3-p2,data/dataset/20231013013155-annular-bn6-vs-DthKrdMnSP-round3-p2/actions.jsonl,flip,quantile,0.834947,1.000000,"normal | owner=0->P,1->E | entities=as-is","flipped | owner=0->P,1->E | entities=swap",True,False,True,True,
20231013033357-annular-bn6-vs-BiohazrdMnSP-round2-p1,data/dataset/20231013033357-annular-bn6-vs-BiohazrdMnSP-round2-p1/actions.jsonl,normal,quantile,0.997838,0.723383,"normal | owner=0->P,1->E | entities=as-is","flipped | owner=0->P,1->E | entities=swap",True,False,True,False,
20231013020033-annular-bn6-vs-BiohazrdMnSP-round2-p1,data/dataset/20231013020033-annular-bn6-vs-BiohazrdMnSP-round2-p1/actions.jsonl,normal,kmeans,1.000000,0.923700,"normal | owner=0->P,1->E | entities=as-is","flipped | owner=0->P,1->E | entities=swap",True,False,True,False,
20231013012725-annular-bn6-vs-IndianaOrz-round2-p2,data/dataset/20231013012725-annular-bn6-vs-IndianaOrz-round2-p2/actions.jsonl,normal,kmeans,0.673318,0.654372,"normal | owner=0->P,1->E | entities=as-is","flipped | owner=0->P,1->E | entities=swap",True,False,True,False,
20231013032344-annular-bn6-vs-BiohazrdMnSP-round2-p1,data/dataset/20231013032344-annular-bn6-vs-BiohazrdMnSP-round2-p1/actions.jsonl,normal,quantile,0.995907,0.821011,"normal | owner=0->P,1->E | entities=as-is","flipped | owner=0->P,1->E | entities=swap",True,False,True,False,
20231013030933-annular-bn6-vs-BiohazrdMnSP-round2-p1,data/dataset/20231013030933-annular-bn6-vs-BiohazrdMnSP-round2-p1/actions.jsonl,normal,quantile,0.998306,0.819799,"normal | owner=0->P,1->E | entities=as-is","flipped | owner=0->P,1->E | entities=swap",True,False,True,False,
20231013003736-annular-bn6-vs-IndianaOrz-round1-p2,data/dataset/20231013003736-annular-bn6-vs-IndianaOrz-round1-p2/actions.jsonl,flip,kmeans,0.802357,0.875417,"normal | owner=0->P,1->E | entities=as-is","flipped | owner=0->P,1->E | entities=swap",True,False,True,True,
20231013004621-annular-bn6-vs-DthKrdMnSP-round1-p1,data/dataset/20231013004621-annular-bn6-vs-DthKrdMnSP-round1-p1/actions.jsonl,normal,quantile,0.980353,0.865634,"normal | owner=0->P,1->E | entities=as-is","flipped | owner=0->P,1->E | entities=swap",True,False,True,False,
20231013015431-annular-bn6-vs-BiohazrdMnSP-round1-p1,data/dataset/20231013015431-annular-bn6-vs-BiohazrdMnSP-round1-p1/actions.jsonl,normal,quantile,0.997790,0.855848,"normal | owner=0->P,1->E | entities=as-is","flipped | owner=0->P,1->E | entities=swap",True,False,True,False,
20231006031918-lunazoeshelbz-bn6-vs-BiohazrdMnSP-round3-p2,data/dataset/20231006031918-lunazoeshelbz-bn6-vs-BiohazrdMnSP-round3-p2/actions.jsonl,flip,quantile,0.923175,0.996984,"normal | owner=0->P,1->E | entities=as-is","flipped | owner=0->P,1->E | entities=swap",True,False,True,True,
20231006021343-lunazoeshelbz-bn6-vs-BiohazrdMnSP-round1-p2,data/dataset/20231006021343-lunazoeshelbz-bn6-vs-BiohazrdMnSP-round1-p2/actions.jsonl,flip,quantile,0.850464,0.985013,"normal | owner=0->P,1->E | entities=as-is","flipped | owner=0->P,1->E | entities=swap",True,False,True,True,
20231013012355-annular-bn6-vs-IndianaOrz-round1-p2,data/dataset/20231013012355-annular-bn6-vs-IndianaOrz-round1-p2/actions.jsonl,flip,quantile,0.734691,0.998597,"normal | owner=0->P,1->E | entities=as-is","flipped | owner=0->P,1->E | entities=swap",True,False,True,True,
20231013022743-annular-bn6-vs-BiohazrdMnSP-round3-p1,data/dataset/20231013022743-annular-bn6-vs-BiohazrdMnSP-round3-p1/actions.jsonl,normal,quantile,0.999208,0.868897,"normal | owner=0->P,1->E | entities=as-is","flipped | owner=0->P,1->E | entities=swap",True,False,True,False,
20231013025006-annular-bn6-vs-BiohazrdMnSP-round1-p1,data/dataset/20231013025006-annular-bn6-vs-BiohazrdMnSP-round1-p1/actions.jsonl,unclear,quantile,0.998354,0.998354,"normal | owner=0->P,1->E | entities=as-is","flipped | owner=0->P,1->E | entities=swap",True,False,True,False,
20231013005323-annular-bn6-vs-IndianaOrz-round2-p2,data/dataset/20231013005323-annular-bn6-vs-IndianaOrz-round2-p2/actions.jsonl,flip,quantile,0.796473,0.858987,"normal | owner=0->P,1->E | entities=as-is","flipped | owner=0->P,1->E | entities=swap",True,False,True,True,
20231013033101-annular-bn6-vs-BiohazrdMnSP-round1-p2,data/dataset/20231013033101-annular-bn6-vs-BiohazrdMnSP-round1-p2/actions.jsonl,flip,kmeans,0.846995,0.997131,"normal | owner=0->P,1->E | entities=as-is","flipped | owner=0->P,1->E | entities=swap",True,False,True,True,
20231013030401-annular-bn6-vs-BiohazrdMnSP-round1-p1,data/dataset/20231013030401-annular-bn6-vs-BiohazrdMnSP-round1-p1/actions.jsonl,unclear,kmeans,0.993655,0.987921,"normal | owner=0->P,1->E | entities=as-is","flipped | owner=0->P,1->E | entities=swap",True,False,True,False,
20231013004114-annular-bn6-vs-IndianaOrz-round2-p2,data/dataset/20231013004114-annular-bn6-vs-IndianaOrz-round2-p2/actions.jsonl,flip,kmeans,0.979634,0.996082,"normal | owner=0->P,1->E | entities=as-is","flipped | owner=0->P,1->E | entities=swap",True,False,True,True,
20231020013928-watsonx-bn6-vs-DthKrdMnSP-round2-p1,data/dataset/20231020013928-watsonx-bn6-vs-DthKrdMnSP-round2-p1/actions.jsonl,normal,quantile,0.998459,0.696709,"normal | owner=0->P,1->E | entities=as-is","flipped | owner=0->P,1->E | entities=swap",True,False,True,False,
20231013023524-annular-bn6-vs-BiohazrdMnSP-round1-p2,data/dataset/20231013023524-annular-bn6-vs-BiohazrdMnSP-round1-p2/actions.jsonl,flip,quantile,0.746486,0.996083,"normal | owner=0->P,1->E | entities=as-is","flipped | owner=0->P,1->E | entities=swap",True,False,True,True,
20231013023859-annular-bn6-vs-BiohazrdMnSP-round2-p2,data/dataset/20231013023859-annular-bn6-vs-BiohazrdMnSP-round2-p2/actions.jsonl,flip,quantile,0.768167,0.994156,"normal | owner=0->P,1->E | entities=as-is","flipped | owner=0->P,1->E | entities=swap",True,False,True,True,
20231013020518-annular-bn6-vs-BiohazrdMnSP-round1-p2,data/dataset/20231013020518-annular-bn6-vs-BiohazrdMnSP-round1-p2/actions.jsonl,flip,kmeans,0.887417,0.998848,"normal | owner=0->P,1->E | entities=as-is","flipped | owner=0->P,1->E | entities=swap",True,False,True,True,
20231013032013-annular-bn6-vs-BiohazrdMnSP-round1-p2,data/dataset/20231013032013-annular-bn6-vs-BiohazrdMnSP-round1-p2/actions.jsonl,flip,quantile,0.683477,1.000000,"normal | owner=0->P,1->E | entities=as-is","flipped | owner=0->P,1->E | entities=swap",True,False,True,True,
20231013010720-annular-bn6-vs-IndianaOrz-round1-p1,data/dataset/20231013010720-annular-bn6-vs-IndianaOrz-round1-p1/actions.jsonl,normal,quantile,0.999180,0.970004,"normal | owner=0->P,1->E | entities=as-is","flipped | owner=0->P,1->E | entities=swap",True,False,True,False,
20231013011506-annular-bn6-vs-DthKrdMnSP-round2-p1,data/dataset/20231013011506-annular-bn6-vs-DthKrdMnSP-round2-p1/actions.jsonl,normal,quantile,0.997999,0.880856,"normal | owner=0->P,1->E | entities=as-is","flipped | owner=0->P,1->E | entities=swap",True,False,True,False,
20231013035926-annular-bn6-vs-BiohazrdMnSP-round2-p2,data/dataset/20231013035926-annular-bn6-vs-BiohazrdMnSP-round2-p2/actions.jsonl,flip,quantile,0.864968,0.979787,"normal | owner=0->P,1->E | entities=as-is","flipped | owner=0->P,1->E | entities=swap",True,False,True,True,
20231013020948-annular-bn6-vs-BiohazrdMnSP-round2-p1,data/dataset/20231013020948-annular-bn6-vs-BiohazrdMnSP-round2-p1/actions.jsonl,normal,quantile,0.997465,0.635969,"normal | owner=0->P,1->E | entities=as-is","flipped | owner=0->P,1->E | entities=swap",True,False,True,False,
20231013032641-annular-bn6-vs-BiohazrdMnSP-round3-p2,data/dataset/20231013032641-annular-bn6-vs-BiohazrdMnSP-round3-p2/actions.jsonl,flip,quantile,0.669336,0.995995,"normal | owner=0->P,1->E | entities=as-is","flipped | owner=0->P,1->E | entities=swap",True,False,True,True,
20231013034446-annular-bn6-vs-BiohazrdMnSP-round1-p1,data/dataset/20231013034446-annular-bn6-vs-BiohazrdMnSP-round1-p1/actions.jsonl,unclear,quantile,0.992498,0.992784,"normal | owner=0->P,1->E | entities=as-is","flipped | owner=0->P,1->E | entities=swap",True,False,True,False,
20231020020253-watsonx-bn6-vs-DthKrdMnSP-round2-p1,data/dataset/20231020020253-watsonx-bn6-vs-DthKrdMnSP-round2-p1/actions.jsonl,normal,kmeans,0.935522,0.884838,"normal | owner=0->P,1->E | entities=as-is","flipped | owner=0->P,1->E | entities=swap",True,False,True,False,
20231020024137-watsonx-bn6-vs-BiohazrdMnSP-round2-p1,data/dataset/20231020024137-watsonx-bn6-vs-BiohazrdMnSP-round2-p1/actions.jsonl,normal,quantile,0.990998,0.721222,"normal | owner=0->P,1->E | entities=as-is","flipped | owner=0->P,1->E | entities=swap",True,False,True,False,
20231020014512-watsonx-bn6-vs-DthKrdMnSP-round1-p2,data/dataset/20231020014512-watsonx-bn6-vs-DthKrdMnSP-round1-p2/actions.jsonl,normal,kmeans,0.754447,0.738983,"normal | owner=0->P,1->E | entities=as-is","flipped | owner=0->P,1->E | entities=swap",True,False,True,False,
20231020023722-watsonx-bn6-vs-BiohazrdMnSP-round1-p1,data/dataset/20231020023722-watsonx-bn6-vs-BiohazrdMnSP-round1-p1/actions.jsonl,normal,quantile,1.000000,0.768754,"normal | owner=0->P,1->E | entities=as-is","flipped | owner=0->P,1->E | entities=swap",True,False,True,False,
20231020011821-watsonx-bn6-vs-DthKrdMnSP-round1-p1,data/dataset/20231020011821-watsonx-bn6-vs-DthKrdMnSP-round1-p1/actions.jsonl,normal,quantile,0.983415,0.800417,"normal | owner=0->P,1->E | entities=as-is","flipped | owner=0->P,1->E | entities=swap",True,False,True,False,
20231020015038-watsonx-bn6-vs-DthKrdMnSP-round2-p1,data/dataset/20231020015038-watsonx-bn6-vs-DthKrdMnSP-round2-p1/actions.jsonl,normal,kmeans,0.991892,0.929348,"normal | owner=0->P,1->E | entities=as-is","flipped | owner=0->P,1->E | entities=swap",True,False,True,False,
20231020013333-watsonx-bn6-vs-DthKrdMnSP-round1-p1,data/dataset/20231020013333-watsonx-bn6-vs-DthKrdMnSP-round1-p1/actions.jsonl,normal,quantile,0.999220,0.678940,"normal | owner=0->P,1->E | entities=as-is","flipped | owner=0->P,1->E | entities=swap",True,False,True,False,
20231013035510-annular-bn6-vs-BiohazrdMnSP-round1-p2,data/dataset/20231013035510-annular-bn6-vs-BiohazrdMnSP-round1-p2/actions.jsonl,flip,quantile,0.564689,0.993833,"normal | owner=0->P,1->E | entities=as-is","flipped | owner=0->P,1->E | entities=swap",True,False,True,True,
20231020012615-watsonx-bn6-vs-DthKrdMnSP-round2-p1,data/dataset/20231020012615-watsonx-bn6-vs-DthKrdMnSP-round2-p1/actions.jsonl,normal,quantile,0.997316,0.732928,"normal | owner=0->P,1->E | entities=as-is","flipped | owner=0->P,1->E | entities=swap",True,False,True,False,
20231020031627-watsonx-bn6-vs-BiohazrdMnSP-round2-p1,data/dataset/20231020031627-watsonx-bn6-vs-BiohazrdMnSP-round2-p1/actions.jsonl,unclear,quantile,0.985576,0.985576,"normal | owner=0->P,1->E | entities=as-is","flipped | owner=0->P,1->E | entities=swap",True,False,True,False,
20231020022114-watsonx-bn6-vs-BiohazrdMnSP-round1-p1,data/dataset/20231020022114-watsonx-bn6-vs-BiohazrdMnSP-round1-p1/actions.jsonl,normal,quantile,1.000000,0.908129,"normal | owner=0->P,1->E | entities=as-is","flipped | owner=0->P,1->E | entities=swap",True,False,True,False,
20231020014512-watsonx-bn6-vs-IndianaOrz-round1-p1,data/dataset/20231020014512-watsonx-bn6-vs-IndianaOrz-round1-p1/actions.jsonl,normal,quantile,1.000000,0.704440,"normal | owner=0->P,1->E | entities=as-is","flipped | owner=0->P,1->E | entities=swap",True,False,True,False,
20231020021126-watsonx-bn6-vs-BiohazrdMnSP-round1-p1,data/dataset/20231020021126-watsonx-bn6-vs-BiohazrdMnSP-round1-p1/actions.jsonl,normal,quantile,0.993457,0.718642,"normal | owner=0->P,1->E | entities=as-is","flipped | owner=0->P,1->E | entities=swap",True,False,True,False,
20231013034941-annular-bn6-vs-BiohazrdMnSP-round2-p2,data/dataset/20231013034941-annular-bn6-vs-BiohazrdMnSP-round2-p2/actions.jsonl,flip,quantile,0.732946,0.999437,"normal | owner=0->P,1->E | entities=as-is","flipped | owner=0->P,1->E | entities=swap",True,False,True,True,
20231020013928-watsonx-bn6-vs-IndianaOrz-round2-p2,data/dataset/20231020013928-watsonx-bn6-vs-IndianaOrz-round2-p2/actions.jsonl,flip,quantile,0.689008,0.832348,"normal | owner=0->P,1->E | entities=as-is","flipped | owner=0->P,1->E | entities=swap",True,False,True,True,
20231020015704-watsonx-bn6-vs-IndianaOrz-round1-p1,data/dataset/20231020015704-watsonx-bn6-vs-IndianaOrz-round1-p1/actions.jsonl,normal,quantile,0.998482,0.795711,"normal | owner=0->P,1->E | entities=as-is","flipped | owner=0->P,1->E | entities=swap",True,False,True,False,
20231020030435-watsonx-bn6-vs-BiohazrdMnSP-round2-p1,data/dataset/20231020030435-watsonx-bn6-vs-BiohazrdMnSP-round2-p1/actions.jsonl,normal,kmeans,0.996750,0.656067,"normal | owner=0->P,1->E | entities=as-is","flipped | owner=0->P,1->E | entities=swap",True,False,True,False,
20231013031305-annular-bn6-vs-BiohazrdMnSP-round3-p2,data/dataset/20231013031305-annular-bn6-vs-BiohazrdMnSP-round3-p2/actions.jsonl,flip,quantile,0.673865,0.752375,"normal | owner=0->P,1->E | entities=as-is","flipped | owner=0->P,1->E | entities=swap",True,False,True,True,
20231013010720-annular-bn6-vs-DthKrdMnSP-round1-p2,data/dataset/20231013010720-annular-bn6-vs-DthKrdMnSP-round1-p2/actions.jsonl,flip,quantile,0.809263,0.998866,"normal | owner=0->P,1->E | entities=as-is","flipped | owner=0->P,1->E | entities=swap",True,False,True,True,
20231020025552-watsonx-bn6-vs-BiohazrdMnSP-round3-p2,data/dataset/20231020025552-watsonx-bn6-vs-BiohazrdMnSP-round3-p2/actions.jsonl,flip,quantile,0.727820,1.000000,"normal | owner=0->P,1->E | entities=as-is","flipped | owner=0->P,1->E | entities=swap",True,False,True,True,
20231020024942-watsonx-bn6-vs-BiohazrdMnSP-round2-p1,data/dataset/20231020024942-watsonx-bn6-vs-BiohazrdMnSP-round2-p1/actions.jsonl,normal,kmeans,0.996263,0.905870,"normal | owner=0->P,1->E | entities=as-is","flipped | owner=0->P,1->E | entities=swap",True,False,True,False,
20231013011506-annular-bn6-vs-IndianaOrz-round2-p2,data/dataset/20231013011506-annular-bn6-vs-IndianaOrz-round2-p2/actions.jsonl,flip,quantile,0.824891,0.966407,"normal | owner=0->P,1->E | entities=as-is","flipped | owner=0->P,1->E | entities=swap",True,False,True,True,
20231013004621-annular-bn6-vs-IndianaOrz-round1-p2,data/dataset/20231013004621-annular-bn6-vs-IndianaOrz-round1-p2/actions.jsonl,flip,quantile,0.890925,0.967970,"normal | owner=0->P,1->E | entities=as-is","flipped | owner=0->P,1->E | entities=swap",True,False,True,True,
20231020022504-watsonx-bn6-vs-BiohazrdMnSP-round2-p1,data/dataset/20231020022504-watsonx-bn6-vs-BiohazrdMnSP-round2-p1/actions.jsonl,normal,quantile,1.000000,0.833959,"normal | owner=0->P,1->E | entities=as-is","flipped | owner=0->P,1->E | entities=swap",True,False,True,False,
20231020021627-watsonx-bn6-vs-BiohazrdMnSP-round2-p2,data/dataset/20231020021627-watsonx-bn6-vs-BiohazrdMnSP-round2-p2/actions.jsonl,flip,quantile,0.885224,0.994342,"normal | owner=0->P,1->E | entities=as-is","flipped | owner=0->P,1->E | entities=swap",True,False,True,True,
20231020020253-watsonx-bn6-vs-IndianaOrz-round2-p2,data/dataset/20231020020253-watsonx-bn6-vs-IndianaOrz-round2-p2/actions.jsonl,flip,kmeans,0.879881,0.985286,"normal | owner=0->P,1->E | entities=as-is","flipped | owner=0->P,1->E | entities=swap",True,False,True,True,
20231020015038-watsonx-bn6-vs-IndianaOrz-round2-p2,data/dataset/20231020015038-watsonx-bn6-vs-IndianaOrz-round2-p2/actions.jsonl,flip,kmeans,0.905759,0.994450,"normal | owner=0->P,1->E | entities=as-is","flipped | owner=0->P,1->E | entities=swap",True,False,True,True,
20231020034842-watsonx-bn6-vs-BiohazrdMnSP-round2-p1,data/dataset/20231020034842-watsonx-bn6-vs-BiohazrdMnSP-round2-p1/actions.jsonl,normal,quantile,0.996985,0.547075,"normal | owner=0->P,1->E | entities=as-is","flipped | owner=0->P,1->E | entities=swap",True,False,True,False,
20231020033057-watsonx-bn6-vs-BiohazrdMnSP-round1-p1,data/dataset/20231020033057-watsonx-bn6-vs-BiohazrdMnSP-round1-p1/actions.jsonl,normal,quantile,1.000000,0.974059,"normal | owner=0->P,1->E | entities=as-is","flipped | owner=0->P,1->E | entities=swap",True,False,True,False,
20231023015404-timechamber-bn6-vs-BiohazrdMnSP-round3-p2,data/dataset/20231023015404-timechamber-bn6-vs-BiohazrdMnSP-round3-p2/actions.jsonl,flip,quantile,0.742551,0.995566,"normal | owner=0->P,1->E | entities=as-is","flipped | owner=0->P,1->E | entities=swap",True,False,True,True,
20231023020116-timechamber-bn6-vs-BiohazrdMnSP-round2-p1,data/dataset/20231023020116-timechamber-bn6-vs-BiohazrdMnSP-round2-p1/actions.jsonl,normal,quantile,0.997726,0.810125,"normal | owner=0->P,1->E | entities=as-is","flipped | owner=0->P,1->E | entities=swap",True,False,True,False,
20231020024525-watsonx-bn6-vs-BiohazrdMnSP-round1-p2,data/dataset/20231020024525-watsonx-bn6-vs-BiohazrdMnSP-round1-p2/actions.jsonl,flip,quantile,0.803399,1.000000,"normal | owner=0->P,1->E | entities=as-is","flipped | owner=0->P,1->E | entities=swap",True,False,True,True,
20231020013333-watsonx-bn6-vs-IndianaOrz-round1-p2,data/dataset/20231020013333-watsonx-bn6-vs-IndianaOrz-round1-p2/actions.jsonl,flip,quantile,0.698707,0.998518,"normal | owner=0->P,1->E | entities=as-is","flipped | owner=0->P,1->E | entities=swap",True,False,True,True,
20231023021937-timechamber-bn6-vs-BiohazrdMnSP-round1-p1,data/dataset/20231023021937-timechamber-bn6-vs-BiohazrdMnSP-round1-p1/actions.jsonl,normal,quantile,0.993328,0.818733,"normal | owner=0->P,1->E | entities=as-is","flipped | owner=0->P,1->E | entities=swap",True,False,True,False,
20231020015704-watsonx-bn6-vs-DthKrdMnSP-round1-p2,data/dataset/20231020015704-watsonx-bn6-vs-DthKrdMnSP-round1-p2/actions.jsonl,flip,quantile,0.776537,0.851530,"normal | owner=0->P,1->E | entities=as-is","flipped | owner=0->P,1->E | entities=swap",True,False,True,True,
20231023022404-timechamber-bn6-vs-BiohazrdMnSP-round2-p1,data/dataset/20231023022404-timechamber-bn6-vs-BiohazrdMnSP-round2-p1/actions.jsonl,normal,quantile,0.992900,0.722469,"normal | owner=0->P,1->E | entities=as-is","flipped | owner=0->P,1->E | entities=swap",True,False,True,False,
20231020035327-watsonx-bn6-vs-BiohazrdMnSP-round3-p2,data/dataset/20231020035327-watsonx-bn6-vs-BiohazrdMnSP-round3-p2/actions.jsonl,flip,quantile,0.728894,0.999528,"normal | owner=0->P,1->E | entities=as-is","flipped | owner=0->P,1->E | entities=swap",True,False,True,True,
20231023040938-timechamber-bn6-vs-BiohazrdMnSP-round3-p2,data/dataset/20231023040938-timechamber-bn6-vs-BiohazrdMnSP-round3-p2/actions.jsonl,unclear,quantile,0.997695,0.997695,"normal | owner=0->P,1->E | entities=as-is","flipped | owner=0->P,1->E | entities=swap",True,False,True,False,
20231020035733-watsonx-bn6-vs-BiohazrdMnSP-round1-p1,data/dataset/20231020035733-watsonx-bn6-vs-BiohazrdMnSP-round1-p1/actions.jsonl,normal,quantile,0.999015,0.749982,"normal | owner=0->P,1->E | entities=as-is","flipped | owner=0->P,1->E | entities=swap",True,False,True,False,
20231023014221-timechamber-bn6-vs-BiohazrdMnSP-round1-p1,data/dataset/20231023014221-timechamber-bn6-vs-BiohazrdMnSP-round1-p1/actions.jsonl,normal,kmeans,0.954202,0.762472,"normal | owner=0->P,1->E | entities=as-is","flipped | owner=0->P,1->E | entities=swap",True,False,True,False,
20231020032114-watsonx-bn6-vs-BiohazrdMnSP-round1-p2,data/dataset/20231020032114-watsonx-bn6-vs-BiohazrdMnSP-round1-p2/actions.jsonl,flip,quantile,0.613757,0.996081,"normal | owner=0->P,1->E | entities=as-is","flipped | owner=0->P,1->E | entities=swap",True,False,True,True,
20231023035437-timechamber-bn6-vs-BiohazrdMnSP-round2-p1,data/dataset/20231023035437-timechamber-bn6-vs-BiohazrdMnSP-round2-p1/actions.jsonl,unclear,quantile,0.996024,0.986918,"normal | owner=0->P,1->E | entities=as-is","flipped | owner=0->P,1->E | entities=swap",True,False,True,False,
20231013025521-annular-bn6-vs-BiohazrdMnSP-round2-p2,data/dataset/20231013025521-annular-bn6-vs-BiohazrdMnSP-round2-p2/actions.jsonl,flip,quantile,0.718079,1.000000,"normal | owner=0->P,1->E | entities=as-is","flipped | owner=0->P,1->E | entities=swap",True,False,True,True,
20231023015741-timechamber-bn6-vs-BiohazrdMnSP-round1-p2,data/dataset/20231023015741-timechamber-bn6-vs-BiohazrdMnSP-round1-p2/actions.jsonl,flip,quantile,0.721959,0.744116,"normal | owner=0->P,1->E | entities=as-is","flipped | owner=0->P,1->E | entities=swap",True,False,True,True,
20231013033651-annular-bn6-vs-BiohazrdMnSP-round3-p2,data/dataset/20231013033651-annular-bn6-vs-BiohazrdMnSP-round3-p2/actions.jsonl,flip,quantile,0.667764,0.946223,"normal | owner=0->P,1->E | entities=as-is","flipped | owner=0->P,1->E | entities=swap",True,False,True,True,
20231027005319-bustinviruses-bn6-vs-IndianaOrz-round1-p1,data/dataset/20231027005319-bustinviruses-bn6-vs-IndianaOrz-round1-p1/actions.jsonl,normal,quantile,0.999773,0.656506,"normal | owner=0->P,1->E | entities=as-is","flipped | owner=0->P,1->E | entities=swap",True,False,True,False,
20231023040156-timechamber-bn6-vs-BiohazrdMnSP-round1-p1,data/dataset/20231023040156-timechamber-bn6-vs-BiohazrdMnSP-round1-p1/actions.jsonl,normal,quantile,0.967566,0.584997,"normal | owner=0->P,1->E | entities=as-is","flipped | owner=0->P,1->E | entities=swap",True,False,True,False,
20231020012615-watsonx-bn6-vs-IndianaOrz-round2-p2,data/dataset/20231020012615-watsonx-bn6-vs-IndianaOrz-round2-p2/actions.jsonl,flip,quantile,0.762871,0.996644,"normal | owner=0->P,1->E | entities=as-is","flipped | owner=0->P,1->E | entities=swap",True,False,True,True,
20231020040323-watsonx-bn6-vs-BiohazrdMnSP-round2-p1,data/dataset/20231020040323-watsonx-bn6-vs-BiohazrdMnSP-round2-p1/actions.jsonl,normal,quantile,0.991659,0.755473,"normal | owner=0->P,1->E | entities=as-is","flipped | owner=0->P,1->E | entities=swap",True,False,True,False,
20231023014745-timechamber-bn6-vs-BiohazrdMnSP-round2-p1,data/dataset/20231023014745-timechamber-bn6-vs-BiohazrdMnSP-round2-p1/actions.jsonl,normal,kmeans,0.994578,0.902868,"normal | owner=0->P,1->E | entities=as-is","flipped | owner=0->P,1->E | entities=swap",True,False,True,False,
20231023023912-timechamber-bn6-vs-BiohazrdMnSP-round1-p2,data/dataset/20231023023912-timechamber-bn6-vs-BiohazrdMnSP-round1-p2/actions.jsonl,flip,quantile,0.627732,0.996092,"normal | owner=0->P,1->E | entities=as-is","flipped | owner=0->P,1->E | entities=swap",True,False,True,True,
20231023035132-timechamber-bn6-vs-BiohazrdMnSP-round1-p2,data/dataset/20231023035132-timechamber-bn6-vs-BiohazrdMnSP-round1-p2/actions.jsonl,flip,quantile,0.772074,1.000000,"normal | owner=0->P,1->E | entities=as-is","flipped | owner=0->P,1->E | entities=swap",True,False,True,True,
20231023040532-timechamber-bn6-vs-BiohazrdMnSP-round2-p1,data/dataset/20231023040532-timechamber-bn6-vs-BiohazrdMnSP-round2-p1/actions.jsonl,normal,quantile,0.999640,0.853859,"normal | owner=0->P,1->E | entities=as-is","flipped | owner=0->P,1->E | entities=swap",True,False,True,False,
20231020030825-watsonx-bn6-vs-BiohazrdMnSP-round1-p1,data/dataset/20231020030825-watsonx-bn6-vs-BiohazrdMnSP-round1-p1/actions.jsonl,normal,quantile,0.994968,0.757548,"normal | owner=0->P,1->E | entities=as-is","flipped | owner=0->P,1->E | entities=swap",True,False,True,False,
20231020023115-watsonx-bn6-vs-BiohazrdMnSP-round3-p2,data/dataset/20231020023115-watsonx-bn6-vs-BiohazrdMnSP-round3-p2/actions.jsonl,flip,quantile,0.899918,1.000000,"normal | owner=0->P,1->E | entities=as-is","flipped | owner=0->P,1->E | entities=swap",True,False,True,True,
20231020025937-watsonx-bn6-vs-BiohazrdMnSP-round1-p2,data/dataset/20231020025937-watsonx-bn6-vs-BiohazrdMnSP-round1-p2/actions.jsonl,flip,quantile,0.637056,1.000000,"normal | owner=0->P,1->E | entities=as-is","flipped | owner=0->P,1->E | entities=swap",True,False,True,True,
20231027005513-bustinviruses-bn6-vs-IndianaOrz-round2-p1,data/dataset/20231027005513-bustinviruses-bn6-vs-IndianaOrz-round2-p1/actions.jsonl,normal,quantile,0.992146,0.753224,"normal | owner=0->P,1->E | entities=as-is","flipped | owner=0->P,1->E | entities=swap",True,False,True,False,
20231027005319-bustinviruses-bn6-vs-DthKrdMnSP-round1-p2,data/dataset/20231027005319-bustinviruses-bn6-vs-DthKrdMnSP-round1-p2/actions.jsonl,flip,quantile,0.651761,0.999768,"normal | owner=0->P,1->E | entities=as-is","flipped | owner=0->P,1->E | entities=swap",True,False,True,True,
20231027004848-bustinviruses-bn6-vs-IndianaOrz-round2-p1,data/dataset/20231027004848-bustinviruses-bn6-vs-IndianaOrz-round2-p1/actions.jsonl,normal,quantile,0.996306,0.728115,"normal | owner=0->P,1->E | entities=as-is","flipped | owner=0->P,1->E | entities=swap",True,False,True,False,
20231020033618-watsonx-bn6-vs-BiohazrdMnSP-round2-p2,data/dataset/20231020033618-watsonx-bn6-vs-BiohazrdMnSP-round2-p2/actions.jsonl,flip,quantile,0.738017,1.000000,"normal | owner=0->P,1->E | entities=as-is","flipped | owner=0->P,1->E | entities=swap",True,False,True,True,
20231023024234-timechamber-bn6-vs-BiohazrdMnSP-round2-p2,data/dataset/20231023024234-timechamber-bn6-vs-BiohazrdMnSP-round2-p2/actions.jsonl,flip,quantile,0.873408,0.998395,"normal | owner=0->P,1->E | entities=as-is","flipped | owner=0->P,1->E | entities=swap",True,False,True,True,
20231020032452-watsonx-bn6-vs-BiohazrdMnSP-round2-p2,data/dataset/20231020032452-watsonx-bn6-vs-BiohazrdMnSP-round2-p2/actions.jsonl,flip,quantile,0.958968,0.978642,"normal | owner=0->P,1->E | entities=as-is","flipped | owner=0->P,1->E | entities=swap",True,False,True,True,
20231023030121-timechamber-bn6-vs-BiohazrdMnSP-round2-p2,data/dataset/20231023030121-timechamber-bn6-vs-BiohazrdMnSP-round2-p2/actions.jsonl,flip,quantile,0.840529,0.996881,"normal | owner=0->P,1->E | entities=as-is","flipped | owner=0->P,1->E | entities=swap",True,False,True,True,
20231027010125-bustinviruses-bn6-vs-DthKrdMnSP-round1-p1,data/dataset/20231027010125-bustinviruses-bn6-vs-DthKrdMnSP-round1-p1/actions.jsonl,normal,quantile,1.000000,0.899066,"normal | owner=0->P,1->E | entities=as-is","flipped | owner=0->P,1->E | entities=swap",True,False,True,False,
20231027024837-bustinviruses-bn6-vs-BiohazrdMnSP-round1-p2,data/dataset/20231027024837-bustinviruses-bn6-vs-BiohazrdMnSP-round1-p2/actions.jsonl,unclear,kmeans,1.000000,1.000000,"normal | owner=0->P,1->E | entities=as-is","flipped | owner=0->P,1->E | entities=swap",True,False,True,False,
20231027011200-bustinviruses-bn6-vs-DthKrdMnSP-round1-p1,data/dataset/20231027011200-bustinviruses-bn6-vs-DthKrdMnSP-round1-p1/actions.jsonl,normal,kmeans,0.993919,0.931821,"normal | owner=0->P,1->E | entities=as-is","flipped | owner=0->P,1->E | entities=swap",True,False,True,False,
20231023021422-timechamber-bn6-vs-BiohazrdMnSP-round2-p2,data/dataset/20231023021422-timechamber-bn6-vs-BiohazrdMnSP-round2-p2/actions.jsonl,flip,quantile,0.925275,0.998572,"normal | owner=0->P,1->E | entities=as-is","flipped | owner=0->P,1->E | entities=swap",True,False,True,True,
20231020011821-watsonx-bn6-vs-IndianaOrz-round1-p2,data/dataset/20231020011821-watsonx-bn6-vs-IndianaOrz-round1-p2/actions.jsonl,flip,kmeans,0.799164,0.963562,"normal | owner=0->P,1->E | entities=as-is","flipped | owner=0->P,1->E | entities=swap",True,False,True,True,
20231027004848-bustinviruses-bn6-vs-DthKrdMnSP-round2-p2,data/dataset/20231027004848-bustinviruses-bn6-vs-DthKrdMnSP-round2-p2/actions.jsonl,flip,quantile,0.699534,0.995641,"normal | owner=0->P,1->E | entities=as-is","flipped | owner=0->P,1->E | entities=swap",True,False,True,True,
20231027025700-bustinviruses-bn6-vs-BiohazrdMnSP-round2-p1,data/dataset/20231027025700-bustinviruses-bn6-vs-BiohazrdMnSP-round2-p1/actions.jsonl,normal,quantile,0.998804,0.769803,"normal | owner=0->P,1->E | entities=as-is","flipped | owner=0->P,1->E | entities=swap",True,False,True,False,
20231023041815-timechamber-bn6-vs-BiohazrdMnSP-round2-p2,data/dataset/20231023041815-timechamber-bn6-vs-BiohazrdMnSP-round2-p2/actions.jsonl,flip,quantile,0.606388,0.997613,"normal | owner=0->P,1->E | entities=as-is","flipped | owner=0->P,1->E | entities=swap",True,False,True,True,
20231027010546-bustinviruses-bn6-vs-IndianaOrz-round2-p1,data/dataset/20231027010546-bustinviruses-bn6-vs-IndianaOrz-round2-p1/actions.jsonl,normal,quantile,1.000000,0.703812,"normal | owner=0->P,1->E | entities=as-is","flipped | owner=0->P,1->E | entities=swap",True,False,True,False,
20231027005513-bustinviruses-bn6-vs-DthKrdMnSP-round2-p2,data/dataset/20231027005513-bustinviruses-bn6-vs-DthKrdMnSP-round2-p2/actions.jsonl,flip,quantile,0.796217,0.996360,"normal | owner=0->P,1->E | entities=as-is","flipped | owner=0->P,1->E | entities=swap",True,False,True,True,
20231027004322-bustinviruses-bn6-vs-IndianaOrz-round1-p1,data/dataset/20231027004322-bustinviruses-bn6-vs-IndianaOrz-round1-p1/actions.jsonl,normal,quantile,0.995752,0.897254,"normal | owner=0->P,1->E | entities=as-is","flipped | owner=0->P,1->E | entities=swap",True,False,True,False,
20231027021707-bustinviruses-bn6-vs-BiohazrdMnSP-round1-p1,data/dataset/20231027021707-bustinviruses-bn6-vs-BiohazrdMnSP-round1-p1/actions.jsonl,normal,kmeans,0.984930,0.677662,"normal | owner=0->P,1->E | entities=as-is","flipped | owner=0->P,1->E | entities=swap",True,False,True,False,
20231027015815-bustinviruses-bn6-vs-BiohazrdMnSP-round2-p1,data/dataset/20231027015815-bustinviruses-bn6-vs-BiohazrdMnSP-round2-p1/actions.jsonl,normal,quantile,0.997627,0.755472,"normal | owner=0->P,1->E | entities=as-is","flipped | owner=0->P,1->E | entities=swap",True,False,True,False,
20231027012810-bustinviruses-bn6-vs-BiohazrdMnSP-round2-p1,data/dataset/20231027012810-bustinviruses-bn6-vs-BiohazrdMnSP-round2-p1/actions.jsonl,normal,quantile,0.967370,0.567038,"normal | owner=0->P,1->E | entities=as-is","flipped | owner=0->P,1->E | entities=swap",True,False,True,False,
20231023031124-timechamber-bn6-vs-BiohazrdMnSP-round2-p1,data/dataset/20231023031124-timechamber-bn6-vs-BiohazrdMnSP-round2-p1/actions.jsonl,normal,quantile,0.997469,0.607857,"normal | owner=0->P,1->E | entities=as-is","flipped | owner=0->P,1->E | entities=swap",True,False,True,False,
20231027012411-bustinviruses-bn6-vs-BiohazrdMnSP-round1-p1,data/dataset/20231027012411-bustinviruses-bn6-vs-BiohazrdMnSP-round1-p1/actions.jsonl,normal,quantile,0.996456,0.891734,"normal | owner=0->P,1->E | entities=as-is","flipped | owner=0->P,1->E | entities=swap",True,False,True,False,
20231020034215-watsonx-bn6-vs-BiohazrdMnSP-round1-p2,data/dataset/20231020034215-watsonx-bn6-vs-BiohazrdMnSP-round1-p2/actions.jsonl,flip,quantile,0.754607,0.986059,"normal | owner=0->P,1->E | entities=as-is","flipped | owner=0->P,1->E | entities=swap",True,False,True,True,
20231027024949-bustinviruses-bn6-vs-BiohazrdMnSP-round2-p1,data/dataset/20231027024949-bustinviruses-bn6-vs-BiohazrdMnSP-round2-p1/actions.jsonl,normal,quantile,0.800735,0.637540,"normal | owner=0->P,1->E | entities=as-is","flipped | owner=0->P,1->E | entities=swap",True,False,True,False,
20231027022536-bustinviruses-bn6-vs-BiohazrdMnSP-round3-p1,data/dataset/20231027022536-bustinviruses-bn6-vs-BiohazrdMnSP-round3-p1/actions.jsonl,normal,quantile,1.000000,0.734362,"normal | owner=0->P,1->E | entities=as-is","flipped | owner=0->P,1->E | entities=swap",True,False,True,False,
20231027015420-bustinviruses-bn6-vs-BiohazrdMnSP-round1-p1,data/dataset/20231027015420-bustinviruses-bn6-vs-BiohazrdMnSP-round1-p1/actions.jsonl,normal,quantile,0.996305,0.835489,"normal | owner=0->P,1->E | entities=as-is","flipped | owner=0->P,1->E | entities=swap",True,False,True,False,
20231027020136-bustinviruses-bn6-vs-BiohazrdMnSP-round1-p1,data/dataset/20231027020136-bustinviruses-bn6-vs-BiohazrdMnSP-round1-p1/actions.jsonl,normal,quantile,1.000000,0.796348,"normal | owner=0->P,1->E | entities=as-is","flipped | owner=0->P,1->E | entities=swap",True,False,True,False,
20231027014255-bustinviruses-bn6-vs-BiohazrdMnSP-round1-p2,data/dataset/20231027014255-bustinviruses-bn6-vs-BiohazrdMnSP-round1-p2/actions.jsonl,flip,quantile,0.721886,1.000000,"normal | owner=0->P,1->E | entities=as-is","flipped | owner=0->P,1->E | entities=swap",True,False,True,True,
20231020040951-watsonx-bn6-vs-BiohazrdMnSP-round3-p2,data/dataset/20231020040951-watsonx-bn6-vs-BiohazrdMnSP-round3-p2/actions.jsonl,flip,kmeans,0.873519,0.979756,"normal | owner=0->P,1->E | entities=as-is","flipped | owner=0->P,1->E | entities=swap",True,False,True,True,
20231023030550-timechamber-bn6-vs-BiohazrdMnSP-round1-p2,data/dataset/20231023030550-timechamber-bn6-vs-BiohazrdMnSP-round1-p2/actions.jsonl,flip,quantile,0.656731,0.996234,"normal | owner=0->P,1->E | entities=as-is","flipped | owner=0->P,1->E | entities=swap",True,False,True,True,
20231103023705-aubreyisamonster-bn6-vs-BiohazrdMnSP-round2-p2,data/dataset/20231103023705-aubreyisamonster-bn6-vs-BiohazrdMnSP-round2-p2/actions.jsonl,unknown (only 272 entity-observations; need >= 1000),quantile,1.000000,1.000000,"normal | owner=0->P,1->E | entities=swap","flipped | owner=0->P,1->E | entities=as-is",True,False,False,False,
20231027011200-bustinviruses-bn6-vs-IndianaOrz-round1-p2,data/dataset/20231027011200-bustinviruses-bn6-vs-IndianaOrz-round1-p2/actions.jsonl,flip,kmeans,0.895229,0.991930,"normal | owner=0->P,1->E | entities=as-is","flipped | owner=0->P,1->E | entities=swap",True,False,True,True,
20231027010546-bustinviruses-bn6-vs-DthKrdMnSP-round2-p2,data/dataset/20231027010546-bustinviruses-bn6-vs-DthKrdMnSP-round2-p2/actions.jsonl,flip,quantile,0.786410,1.000000,"normal | owner=0->P,1->E | entities=as-is","flipped | owner=0->P,1->E | entities=swap",True,False,True,True,
20231027013803-bustinviruses-bn6-vs-BiohazrdMnSP-round2-p2,data/dataset/20231027013803-bustinviruses-bn6-vs-BiohazrdMnSP-round2-p2/actions.jsonl,flip,quantile,0.633992,0.995863,"normal | owner=0->P,1->E | entities=as-is","flipped | owner=0->P,1->E | entities=swap",True,False,True,True,
20231027004322-bustinviruses-bn6-vs-DthKrdMnSP-round1-p2,data/dataset/20231027004322-bustinviruses-bn6-vs-DthKrdMnSP-round1-p2/actions.jsonl,flip,quantile,0.873098,0.995253,"normal | owner=0->P,1->E | entities=as-is","flipped | owner=0->P,1->E | entities=swap",True,False,True,True,
20231027011545-bustinviruses-bn6-vs-IndianaOrz-round2-p1,data/dataset/20231027011545-bustinviruses-bn6-vs-IndianaOrz-round2-p1/actions.jsonl,normal,quantile,0.997932,0.774732,"normal | owner=0->P,1->E | entities=as-is","flipped | owner=0->P,1->E | entities=swap",True,False,True,False,
20231027033654-bustinviruses-bn6-vs-BiohazrdMnSP-round2-p1,data/dataset/20231027033654-bustinviruses-bn6-vs-BiohazrdMnSP-round2-p1/actions.jsonl,normal,quantile,0.998730,0.730378,"normal | owner=0->P,1->E | entities=as-is","flipped | owner=0->P,1->E | entities=swap",True,False,True,False,
20231023041307-timechamber-bn6-vs-BiohazrdMnSP-round1-p2,data/dataset/20231023041307-timechamber-bn6-vs-BiohazrdMnSP-round1-p2/actions.jsonl,flip,quantile,0.686068,0.998648,"normal | owner=0->P,1->E | entities=as-is","flipped | owner=0->P,1->E | entities=swap",True,False,True,True,
20231027030949-bustinviruses-bn6-vs-BiohazrdMnSP-round3-p1,data/dataset/20231027030949-bustinviruses-bn6-vs-BiohazrdMnSP-round3-p1/actions.jsonl,normal,kmeans,1.000000,0.905213,"normal | owner=0->P,1->E | entities=as-is","flipped | owner=0->P,1->E | entities=swap",True,False,True,False,
20231027034513-bustinviruses-bn6-vs-BiohazrdMnSP-round1-p1,data/dataset/20231027034513-bustinviruses-bn6-vs-BiohazrdMnSP-round1-p1/actions.jsonl,normal,quantile,0.976284,0.786099,"normal | owner=0->P,1->E | entities=as-is","flipped | owner=0->P,1->E | entities=swap",True,False,True,False,
20231027024051-bustinviruses-bn6-vs-BiohazrdMnSP-round3-p1,data/dataset/20231027024051-bustinviruses-bn6-vs-BiohazrdMnSP-round3-p1/actions.jsonl,normal,quantile,0.995227,0.717193,"normal | owner=0->P,1->E | entities=as-is","flipped | owner=0->P,1->E | entities=swap",True,False,True,False,
20231027010125-bustinviruses-bn6-vs-IndianaOrz-round1-p2,data/dataset/20231027010125-bustinviruses-bn6-vs-IndianaOrz-round1-p2/actions.jsonl,flip,quantile,0.929115,1.000000,"normal | owner=0->P,1->E | entities=as-is","flipped | owner=0->P,1->E | entities=swap",True,False,True,True,
20231023022921-timechamber-bn6-vs-BiohazrdMnSP-round3-p2,data/dataset/20231023022921-timechamber-bn6-vs-BiohazrdMnSP-round3-p2/actions.jsonl,flip,quantile,0.856113,0.977920,"normal | owner=0->P,1->E | entities=as-is","flipped | owner=0->P,1->E | entities=swap",True,False,True,True,
20231027042130-bustinviruses-bn6-vs-BiohazrdMnSP-round2-p1,data/dataset/20231027042130-bustinviruses-bn6-vs-BiohazrdMnSP-round2-p1/actions.jsonl,normal,quantile,1.000000,0.863057,"normal | owner=0->P,1->E | entities=as-is","flipped | owner=0->P,1->E | entities=swap",True,False,True,False,
20231027031408-bustinviruses-bn6-vs-BiohazrdMnSP-round1-p2,data/dataset/20231027031408-bustinviruses-bn6-vs-BiohazrdMnSP-round1-p2/actions.jsonl,flip,quantile,0.778286,1.000000,"normal | owner=0->P,1->E | entities=as-is","flipped | owner=0->P,1->E | entities=swap",True,False,True,True,
20231027022939-bustinviruses-bn6-vs-BiohazrdMnSP-round1-p2,data/dataset/20231027022939-bustinviruses-bn6-vs-BiohazrdMnSP-round1-p2/actions.jsonl,flip,quantile,0.756603,0.998288,"normal | owner=0->P,1->E | entities=as-is","flipped | owner=0->P,1->E | entities=swap",True,False,True,True,
20231027020635-bustinviruses-bn6-vs-BiohazrdMnSP-round2-p2,data/dataset/20231027020635-bustinviruses-bn6-vs-BiohazrdMnSP-round2-p2/actions.jsonl,flip,quantile,0.871053,0.992564,"normal | owner=0->P,1->E | entities=as-is","flipped | owner=0->P,1->E | entities=swap",True,False,True,True,
20231023042923-timechamber-bn6-vs-BiohazrdMnSP-round2-p2,data/dataset/20231023042923-timechamber-bn6-vs-BiohazrdMnSP-round2-p2/actions.jsonl,flip,quantile,0.824296,0.999155,"normal | owner=0->P,1->E | entities=as-is","flipped | owner=0->P,1->E | entities=swap",True,False,True,True,
20231103021415-aubreyisamonster-bn6-vs-BiohazrdMnSP-round1-p1,data/dataset/20231103021415-aubreyisamonster-bn6-vs-BiohazrdMnSP-round1-p1/actions.jsonl,normal,quantile,0.998318,0.821433,"normal | owner=0->P,1->E | entities=as-is","flipped | owner=0->P,1->E | entities=swap",True,False,True,False,
20231027035953-bustinviruses-bn6-vs-BiohazrdMnSP-round1-p1,data/dataset/20231027035953-bustinviruses-bn6-vs-BiohazrdMnSP-round1-p1/actions.jsonl,normal,kmeans,1.000000,0.844001,"normal | owner=0->P,1->E | entities=as-is","flipped | owner=0->P,1->E | entities=swap",True,False,True,False,
20231027013236-bustinviruses-bn6-vs-BiohazrdMnSP-round1-p2,data/dataset/20231027013236-bustinviruses-bn6-vs-BiohazrdMnSP-round1-p2/actions.jsonl,flip,quantile,0.915185,0.999255,"normal | owner=0->P,1->E | entities=as-is","flipped | owner=0->P,1->E | entities=swap",True,False,True,True,
20231027033116-bustinviruses-bn6-vs-BiohazrdMnSP-round1-p1,data/dataset/20231027033116-bustinviruses-bn6-vs-BiohazrdMnSP-round1-p1/actions.jsonl,normal,quantile,0.997984,0.711596,"normal | owner=0->P,1->E | entities=as-is","flipped | owner=0->P,1->E | entities=swap",True,False,True,False,
20231027035344-bustinviruses-bn6-vs-BiohazrdMnSP-round3-p2,data/dataset/20231027035344-bustinviruses-bn6-vs-BiohazrdMnSP-round3-p2/actions.jsonl,flip,quantile,0.948192,1.000000,"normal | owner=0->P,1->E | entities=as-is","flipped | owner=0->P,1->E | entities=swap",True,False,True,True,
20231027025252-bustinviruses-bn6-vs-BiohazrdMnSP-round1-p2,data/dataset/20231027025252-bustinviruses-bn6-vs-BiohazrdMnSP-round1-p2/actions.jsonl,flip,kmeans,0.711838,0.995772,"normal | owner=0->P,1->E | entities=as-is","flipped | owner=0->P,1->E | entities=swap",True,False,True,True,
20231103021758-aubreyisamonster-bn6-vs-BiohazrdMnSP-round2-p1,data/dataset/20231103021758-aubreyisamonster-bn6-vs-BiohazrdMnSP-round2-p1/actions.jsonl,normal,quantile,0.997179,0.740216,"normal | owner=0->P,1->E | entities=as-is","flipped | owner=0->P,1->E | entities=swap",True,False,True,False,
20231103020820-aubreyisamonster-bn6-vs-BiohazrdMnSP-round3-p1,data/dataset/20231103020820-aubreyisamonster-bn6-vs-BiohazrdMnSP-round3-p1/actions.jsonl,normal,quantile,1.000000,0.880826,"normal | owner=0->P,1->E | entities=as-is","flipped | owner=0->P,1->E | entities=swap",True,False,True,False,
20231027034840-bustinviruses-bn6-vs-BiohazrdMnSP-round2-p1,data/dataset/20231027034840-bustinviruses-bn6-vs-BiohazrdMnSP-round2-p1/actions.jsonl,normal,kmeans,0.993678,0.797269,"normal | owner=0->P,1->E | entities=as-is","flipped | owner=0->P,1->E | entities=swap",True,False,True,False,
20231027025935-bustinviruses-bn6-vs-BiohazrdMnSP-round1-p2,data/dataset/20231027025935-bustinviruses-bn6-vs-BiohazrdMnSP-round1-p2/actions.jsonl,flip,quantile,0.954168,1.000000,"normal | owner=0->P,1->E | entities=as-is","flipped | owner=0->P,1->E | entities=swap",True,False,True,True,
20231023020609-timechamber-bn6-vs-BiohazrdMnSP-round1-p2,data/dataset/20231023020609-timechamber-bn6-vs-BiohazrdMnSP-round1-p2/actions.jsonl,flip,quantile,0.882062,0.991434,"normal | owner=0->P,1->E | entities=as-is","flipped | owner=0->P,1->E | entities=swap",True,False,True,True,
20231027011545-bustinviruses-bn6-vs-DthKrdMnSP-round2-p2,data/dataset/20231027011545-bustinviruses-bn6-vs-DthKrdMnSP-round2-p2/actions.jsonl,flip,quantile,0.771714,0.916262,"normal | owner=0->P,1->E | entities=as-is","flipped | owner=0->P,1->E | entities=swap",True,False,True,True,
20231110025038-friedeggs-bn6-vs-BiohazrdMnSP-round1-p2,data/dataset/20231110025038-friedeggs-bn6-vs-BiohazrdMnSP-round1-p2/actions.jsonl,unknown (only 272 entity-observations; need >= 1000),quantile,1.000000,1.000000,"normal | owner=0->P,1->E | entities=swap","flipped | owner=0->P,1->E | entities=as-is",True,False,False,False,
20231023042242-timechamber-bn6-vs-BiohazrdMnSP-round1-p2,data/dataset/20231023042242-timechamber-bn6-vs-BiohazrdMnSP-round1-p2/actions.jsonl,flip,quantile,0.840803,0.992641,"normal | owner=0->P,1->E | entities=as-is","flipped | owner=0->P,1->E | entities=swap",True,False,True,True,
20231103025815-aubreyisamonster-bn6-vs-BiohazrdMnSP-round1-p1,data/dataset/20231103025815-aubreyisamonster-bn6-vs-BiohazrdMnSP-round1-p1/actions.jsonl,normal,kmeans,0.996499,0.761956,"normal | owner=0->P,1->E | entities=as-is","flipped | owner=0->P,1->E | entities=swap",True,False,True,False,
20231027034020-bustinviruses-bn6-vs-BiohazrdMnSP-round3-p2,data/dataset/20231027034020-bustinviruses-bn6-vs-BiohazrdMnSP-round3-p2/actions.jsonl,flip,quantile,0.946011,1.000000,"normal | owner=0->P,1->E | entities=as-is","flipped | owner=0->P,1->E | entities=swap",True,False,True,True,
20231027040425-bustinviruses-bn6-vs-BiohazrdMnSP-round2-p1,data/dataset/20231027040425-bustinviruses-bn6-vs-BiohazrdMnSP-round2-p1/actions.jsonl,normal,quantile,0.989939,0.900507,"normal | owner=0->P,1->E | entities=as-is","flipped | owner=0->P,1->E | entities=swap",True,False,True,False,
20231103025227-aubreyisamonster-bn6-vs-BiohazrdMnSP-round3-p1,data/dataset/20231103025227-aubreyisamonster-bn6-vs-BiohazrdMnSP-round3-p1/actions.jsonl,normal,quantile,0.998422,0.786113,"normal | owner=0->P,1->E | entities=as-is","flipped | owner=0->P,1->E | entities=swap",True,False,True,False,
20231110030117-friedeggs-bn6-vs-BiohazrdMnSP-round2-p1,data/dataset/20231110030117-friedeggs-bn6-vs-BiohazrdMnSP-round2-p1/actions.jsonl,normal,quantile,1.000000,0.851210,"normal | owner=0->P,1->E | entities=as-is","flipped | owner=0->P,1->E | entities=swap",True,False,True,False,
20231027022013-bustinviruses-bn6-vs-BiohazrdMnSP-round2-p2,data/dataset/20231027022013-bustinviruses-bn6-vs-BiohazrdMnSP-round2-p2/actions.jsonl,flip,quantile,0.798217,1.000000,"normal | owner=0->P,1->E | entities=as-is","flipped | owner=0->P,1->E | entities=swap",True,False,True,True,
20231027031714-bustinviruses-bn6-vs-BiohazrdMnSP-round2-p1,data/dataset/20231027031714-bustinviruses-bn6-vs-BiohazrdMnSP-round2-p1/actions.jsonl,normal,quantile,0.998871,0.891019,"normal | owner=0->P,1->E | entities=as-is","flipped | owner=0->P,1->E | entities=swap",True,False,True,False,
20231103031535-aubreyisamonster-bn6-vs-IndianaOrz-round2-p1,data/dataset/20231103031535-aubreyisamonster-bn6-vs-IndianaOrz-round2-p1/actions.jsonl,normal,kmeans,0.938333,0.757029,"normal | owner=0->P,1->E | entities=as-is","flipped | owner=0->P,1->E | entities=swap",True,False,True,False,
20231027042452-bustinviruses-bn6-vs-BiohazrdMnSP-round3-p2,data/dataset/20231027042452-bustinviruses-bn6-vs-BiohazrdMnSP-round3-p2/actions.jsonl,flip,quantile,0.771835,1.000000,"normal | owner=0->P,1->E | entities=as-is","flipped | owner=0->P,1->E | entities=swap",True,False,True,True,
20231103015930-aubreyisamonster-bn6-vs-BiohazrdMnSP-round1-p2,data/dataset/20231103015930-aubreyisamonster-bn6-vs-BiohazrdMnSP-round1-p2/actions.jsonl,flip,quantile,0.666030,0.984579,"normal | owner=0->P,1->E | entities=as-is","flipped | owner=0->P,1->E | entities=swap",True,False,True,True,
20231103033945-aubreyisamonster-bn6-vs-BiohazrdMnSP-round1-p1,data/dataset/20231103033945-aubreyisamonster-bn6-vs-BiohazrdMnSP-round1-p1/actions.jsonl,normal,quantile,1.000000,0.633786,"normal | owner=0->P,1->E | entities=as-is","flipped | owner=0->P,1->E | entities=swap",True,False,True,False,
20231103023001-aubreyisamonster-bn6-vs-BiohazrdMnSP-round1-p1,data/dataset/20231103023001-aubreyisamonster-bn6-vs-BiohazrdMnSP-round1-p1/actions.jsonl,normal,quantile,1.000000,0.809214,"normal | owner=0->P,1->E | entities=as-is","flipped | owner=0->P,1->E | entities=swap",True,False,True,False,
20231103030943-aubreyisamonster-bn6-vs-IndianaOrz-round1-p1,data/dataset/20231103030943-aubreyisamonster-bn6-vs-IndianaOrz-round1-p1/actions.jsonl,normal,quantile,0.953847,0.715006,"normal | owner=0->P,1->E | entities=as-is","flipped | owner=0->P,1->E | entities=swap",True,False,True,False,
20231027041435-bustinviruses-bn6-vs-BiohazrdMnSP-round1-p1,data/dataset/20231027041435-bustinviruses-bn6-vs-BiohazrdMnSP-round1-p1/actions.jsonl,normal,quantile,0.993105,0.885076,"normal | owner=0->P,1->E | entities=as-is","flipped | owner=0->P,1->E | entities=swap",True,False,True,False,
20231103034340-aubreyisamonster-bn6-vs-BiohazrdMnSP-round2-p1,data/dataset/20231103034340-aubreyisamonster-bn6-vs-BiohazrdMnSP-round2-p1/actions.jsonl,normal,quantile,1.000000,0.812514,"normal | owner=0->P,1->E | entities=as-is","flipped | owner=0->P,1->E | entities=swap",True,False,True,False,
20231103042606-aubreyisamonster-bn6-vs-BiohazrdMnSP-round1-p1,data/dataset/20231103042606-aubreyisamonster-bn6-vs-BiohazrdMnSP-round1-p1/actions.jsonl,normal,quantile,1.000000,0.819350,"normal | owner=0->P,1->E | entities=as-is","flipped | owner=0->P,1->E | entities=swap",True,False,True,False,
20231103020350-aubreyisamonster-bn6-vs-BiohazrdMnSP-round2-p2,data/dataset/20231103020350-aubreyisamonster-bn6-vs-BiohazrdMnSP-round2-p2/actions.jsonl,flip,quantile,0.671684,1.000000,"normal | owner=0->P,1->E | entities=as-is","flipped | owner=0->P,1->E | entities=swap",True,False,True,True,
20231103031535-aubreyisamonster-bn6-vs-DthKrdMnSP-round2-p2,data/dataset/20231103031535-aubreyisamonster-bn6-vs-DthKrdMnSP-round2-p2/actions.jsonl,flip,quantile,0.711874,1.000000,"normal | owner=0->P,1->E | entities=as-is","flipped | owner=0->P,1->E | entities=swap",True,False,True,True,
20231103042958-aubreyisamonster-bn6-vs-BiohazrdMnSP-round2-p1,data/dataset/20231103042958-aubreyisamonster-bn6-vs-BiohazrdMnSP-round2-p1/actions.jsonl,normal,quantile,0.984954,0.884255,"normal | owner=0->P,1->E | entities=as-is","flipped | owner=0->P,1->E | entities=swap",True,False,True,False,
20231103031959-aubreyisamonster-bn6-vs-BiohazrdMnSP-round1-p1,data/dataset/20231103031959-aubreyisamonster-bn6-vs-BiohazrdMnSP-round1-p1/actions.jsonl,normal,quantile,0.997955,0.963475,"normal | owner=0->P,1->E | entities=as-is","flipped | owner=0->P,1->E | entities=swap",True,False,True,False,
20231110040302-friedeggs-bn6-vs-BiohazrdMnSP-round1-p1,data/dataset/20231110040302-friedeggs-bn6-vs-BiohazrdMnSP-round1-p1/actions.jsonl,normal,quantile,1.000000,0.574675,"normal | owner=0->P,1->E | entities=as-is","flipped | owner=0->P,1->E | entities=swap",True,False,True,False,
20231027014556-bustinviruses-bn6-vs-BiohazrdMnSP-round2-p2,data/dataset/20231027014556-bustinviruses-bn6-vs-BiohazrdMnSP-round2-p2/actions.jsonl,flip,quantile,0.707824,0.997722,"normal | owner=0->P,1->E | entities=as-is","flipped | owner=0->P,1->E | entities=swap",True,False,True,True,
20231110044530-friedeggs-bn6-vs-BiohazrdMnSP-round3-p1,data/dataset/20231110044530-friedeggs-bn6-vs-BiohazrdMnSP-round3-p1/actions.jsonl,normal,quantile,1.000000,0.863609,"normal | owner=0->P,1->E | entities=as-is","flipped | owner=0->P,1->E | entities=swap",True,False,True,False,
20231103033056-aubreyisamonster-bn6-vs-BiohazrdMnSP-round3-p1,data/dataset/20231103033056-aubreyisamonster-bn6-vs-BiohazrdMnSP-round3-p1/actions.jsonl,normal,quantile,0.998475,0.682263,"normal | owner=0->P,1->E | entities=as-is","flipped | owner=0->P,1->E | entities=swap",True,False,True,False,
20231110033315-friedeggs-bn6-vs-BiohazrdMnSP-round2-p1,data/dataset/20231110033315-friedeggs-bn6-vs-BiohazrdMnSP-round2-p1/actions.jsonl,normal,quantile,0.993079,0.922945,"normal | owner=0->P,1->E | entities=as-is","flipped | owner=0->P,1->E | entities=swap",True,False,True,False,
20231110023908-friedeggs-bn6-vs-BiohazrdMnSP-round2-p1,data/dataset/20231110023908-friedeggs-bn6-vs-BiohazrdMnSP-round2-p1/actions.jsonl,normal,quantile,0.965157,0.722589,"normal | owner=0->P,1->E | entities=as-is","flipped | owner=0->P,1->E | entities=swap",True,False,True,False,
20231103030943-aubreyisamonster-bn6-vs-DthKrdMnSP-round1-p2,data/dataset/20231103030943-aubreyisamonster-bn6-vs-DthKrdMnSP-round1-p2/actions.jsonl,flip,quantile,0.737230,0.997673,"normal | owner=0->P,1->E | entities=as-is","flipped | owner=0->P,1->E | entities=swap",True,False,True,True,
20231103041412-aubreyisamonster-bn6-vs-BiohazrdMnSP-round3-p1,data/dataset/20231103041412-aubreyisamonster-bn6-vs-BiohazrdMnSP-round3-p1/actions.jsonl,unclear,quantile,0.966517,0.965097,"normal | owner=0->P,1->E | entities=as-is","flipped | owner=0->P,1->E | entities=swap",True,False,True,False,
20231027023346-bustinviruses-bn6-vs-BiohazrdMnSP-round2-p2,data/dataset/20231027023346-bustinviruses-bn6-vs-BiohazrdMnSP-round2-p2/actions.jsonl,flip,quantile,0.646113,0.999713,"normal | owner=0->P,1->E | entities=as-is","flipped | owner=0->P,1->E | entities=swap",True,False,True,True,
20231103032617-aubreyisamonster-bn6-vs-BiohazrdMnSP-round2-p2,data/dataset/20231103032617-aubreyisamonster-bn6-vs-BiohazrdMnSP-round2-p2/actions.jsonl,flip,quantile,0.624955,1.000000,"normal | owner=0->P,1->E | entities=as-is","flipped | owner=0->P,1->E | entities=swap",True,False,True,True,
20231117040808-errands-bn6-vs-BiohazrdMnSP-round1-p2,data/dataset/20231117040808-errands-bn6-vs-BiohazrdMnSP-round1-p2/actions.jsonl,unclear,quantile,1.000000,1.000000,"normal | owner=0->P,1->E | entities=as-is","flipped | owner=0->P,1->E | entities=swap",True,False,True,False,
20231027032419-bustinviruses-bn6-vs-BiohazrdMnSP-round3-p2,data/dataset/20231027032419-bustinviruses-bn6-vs-BiohazrdMnSP-round3-p2/actions.jsonl,flip,quantile,0.602663,0.998644,"normal | owner=0->P,1->E | entities=as-is","flipped | owner=0->P,1->E | entities=swap",True,False,True,True,
20231110042136-friedeggs-bn6-vs-BiohazrdMnSP-round1-p1,data/dataset/20231110042136-friedeggs-bn6-vs-BiohazrdMnSP-round1-p1/actions.jsonl,normal,quantile,0.997386,0.762306,"normal | owner=0->P,1->E | entities=as-is","flipped | owner=0->P,1->E | entities=swap",True,False,True,False,
20231110043406-friedeggs-bn6-vs-BiohazrdMnSP-round1-p1,data/dataset/20231110043406-friedeggs-bn6-vs-BiohazrdMnSP-round1-p1/actions.jsonl,normal,quantile,0.998583,0.596711,"normal | owner=0->P,1->E | entities=as-is","flipped | owner=0->P,1->E | entities=swap",True,False,True,False,
20231027030319-bustinviruses-bn6-vs-BiohazrdMnSP-round2-p2,data/dataset/20231027030319-bustinviruses-bn6-vs-BiohazrdMnSP-round2-p2/actions.jsonl,flip,quantile,0.807133,1.000000,"normal | owner=0->P,1->E | entities=as-is","flipped | owner=0->P,1->E | entities=swap",True,False,True,True,
20231117035745-errands-bn6-vs-BiohazrdMnSP-round2-p1,data/dataset/20231117035745-errands-bn6-vs-BiohazrdMnSP-round2-p1/actions.jsonl,normal,quantile,0.901582,0.539827,"normal | owner=0->P,1->E | entities=swap","flipped | owner=0->P,1->E | entities=as-is",True,False,False,False,
20231110040652-friedeggs-bn6-vs-BiohazrdMnSP-round2-p1,data/dataset/20231110040652-friedeggs-bn6-vs-BiohazrdMnSP-round2-p1/actions.jsonl,normal,quantile,0.995754,0.754409,"normal | owner=0->P,1->E | entities=as-is","flipped | owner=0->P,1->E | entities=swap",True,False,True,False,
20231103030309-aubreyisamonster-bn6-vs-BiohazrdMnSP-round2-p2,data/dataset/20231103030309-aubreyisamonster-bn6-vs-BiohazrdMnSP-round2-p2/actions.jsonl,flip,quantile,0.821098,0.991407,"normal | owner=0->P,1->E | entities=as-is","flipped | owner=0->P,1->E | entities=swap",True,False,True,True,
20231117024120-errands-bn6-vs-IndianaOrz-round1-p1,data/dataset/20231117024120-errands-bn6-vs-IndianaOrz-round1-p1/actions.jsonl,normal,quantile,0.997975,0.817665,"normal | owner=0->P,1->E | entities=as-is","flipped | owner=0->P,1->E | entities=swap",True,False,True,False,
20231117035348-errands-bn6-vs-BiohazrdMnSP-round1-p1,data/dataset/20231117035348-errands-bn6-vs-BiohazrdMnSP-round1-p1/actions.jsonl,normal,quantile,1.000000,0.868548,"normal | owner=0->P,1->E | entities=swap","flipped | owner=0->P,1->E | entities=as-is",True,False,False,False,
20231103024534-aubreyisamonster-bn6-vs-BiohazrdMnSP-round2-p2,data/dataset/20231103024534-aubreyisamonster-bn6-vs-BiohazrdMnSP-round2-p2/actions.jsonl,flip,quantile,0.890001,1.000000,"normal | owner=0->P,1->E | entities=as-is","flipped | owner=0->P,1->E | entities=swap",True,False,True,True,
20231103022243-aubreyisamonster-bn6-vs-BiohazrdMnSP-round3-p2,data/dataset/20231103022243-aubreyisamonster-bn6-vs-BiohazrdMnSP-round3-p2/actions.jsonl,flip,quantile,0.757788,0.996753,"normal | owner=0->P,1->E | entities=as-is","flipped | owner=0->P,1->E | entities=swap",True,False,True,True,
20231103023853-aubreyisamonster-bn6-vs-BiohazrdMnSP-round1-p2,data/dataset/20231103023853-aubreyisamonster-bn6-vs-BiohazrdMnSP-round1-p2/actions.jsonl,flip,quantile,0.831480,0.998704,"normal | owner=0->P,1->E | entities=as-is","flipped | owner=0->P,1->E | entities=swap",True,False,True,True,
20231103034831-aubreyisamonster-bn6-vs-BiohazrdMnSP-round1-p2,data/dataset/20231103034831-aubreyisamonster-bn6-vs-BiohazrdMnSP-round1-p2/actions.jsonl,flip,quantile,0.972993,1.000000,"normal | owner=0->P,1->E | entities=as-is","flipped | owner=0->P,1->E | entities=swap",True,False,True,True,
20231110033858-friedeggs-bn6-vs-BiohazrdMnSP-round1-p1,data/dataset/20231110033858-friedeggs-bn6-vs-BiohazrdMnSP-round1-p1/actions.jsonl,normal,quantile,1.000000,0.728722,"normal | owner=0->P,1->E | entities=as-is","flipped | owner=0->P,1->E | entities=swap",True,False,True,False,
20231110032232-friedeggs-bn6-vs-BiohazrdMnSP-round3-p2,data/dataset/20231110032232-friedeggs-bn6-vs-BiohazrdMnSP-round3-p2/actions.jsonl,flip,quantile,0.860642,0.998165,"normal | owner=0->P,1->E | entities=as-is","flipped | owner=0->P,1->E | entities=swap",True,False,True,True,
20231117031927-errands-bn6-vs-IndianaOrz-round3-p1,data/dataset/20231117031927-errands-bn6-vs-IndianaOrz-round3-p1/actions.jsonl,normal,quantile,1.000000,0.628563,"normal | owner=0->P,1->E | entities=as-is","flipped | owner=0->P,1->E | entities=swap",True,False,True,False,
20231117041909-errands-bn6-vs-BiohazrdMnSP-round3-p1,data/dataset/20231117041909-errands-bn6-vs-BiohazrdMnSP-round3-p1/actions.jsonl,normal,quantile,0.999069,0.938582,"normal | owner=0->P,1->E | entities=as-is","flipped | owner=0->P,1->E | entities=swap",True,False,True,False,
20231110042607-friedeggs-bn6-vs-BiohazrdMnSP-round2-p1,data/dataset/20231110042607-friedeggs-bn6-vs-BiohazrdMnSP-round2-p1/actions.jsonl,normal,quantile,0.997962,0.913350,"normal | owner=0->P,1->E | entities=as-is","flipped | owner=0->P,1->E | entities=swap",True,False,True,False,
20231110044941-friedeggs-bn6-vs-BiohazrdMnSP-round1-p1,data/dataset/20231110044941-friedeggs-bn6-vs-BiohazrdMnSP-round1-p1/actions.jsonl,normal,quantile,0.929866,0.554668,"normal | owner=0->P,1->E | entities=as-is","flipped | owner=0->P,1->E | entities=swap",True,False,True,False,
20231103035518-aubreyisamonster-bn6-vs-BiohazrdMnSP-round1-p1,data/dataset/20231103035518-aubreyisamonster-bn6-vs-BiohazrdMnSP-round1-p1/actions.jsonl,normal,quantile,0.993512,0.796979,"normal | owner=0->P,1->E | entities=as-is","flipped | owner=0->P,1->E | entities=swap",True,False,True,False,
20240315020247-brebre-bn6-vs-BiohazrdMnSP-round1-p1,data/dataset/20240315020247-brebre-bn6-vs-BiohazrdMnSP-round1-p1/actions.jsonl,normal,quantile,1.000000,0.802858,"normal | owner=0->P,1->E | entities=as-is","flipped | owner=0->P,1->E | entities=swap",True,False,True,False,
20231117024604-errands-bn6-vs-IndianaOrz-round2-p1,data/dataset/20231117024604-errands-bn6-vs-IndianaOrz-round2-p1/actions.jsonl,normal,quantile,1.000000,0.644384,"normal | owner=0->P,1->E | entities=as-is","flipped | owner=0->P,1->E | entities=swap",True,False,True,False,
20240315020613-brebre-bn6-vs-BiohazrdMnSP-round2-p1,data/dataset/20240315020613-brebre-bn6-vs-BiohazrdMnSP-round2-p1/actions.jsonl,normal,quantile,1.000000,0.572438,"normal | owner=0->P,1->E | entities=as-is","flipped | owner=0->P,1->E | entities=swap",True,False,True,False,
20231110025449-friedeggs-bn6-vs-BiohazrdMnSP-round1-p2,data/dataset/20231110025449-friedeggs-bn6-vs-BiohazrdMnSP-round1-p2/actions.jsonl,flip,quantile,0.859859,1.000000,"normal | owner=0->P,1->E | entities=as-is","flipped | owner=0->P,1->E | entities=swap",True,False,True,True,
20231117025403-errands-bn6-vs-IndianaOrz-round1-p2,data/dataset/20231117025403-errands-bn6-vs-IndianaOrz-round1-p2/actions.jsonl,flip,quantile,0.800653,1.000000,"normal | owner=0->P,1->E | entities=as-is","flipped | owner=0->P,1->E | entities=swap",True,False,True,True,
20240315022059-brebre-bn6-vs-BiohazrdMnSP-round2-p1,data/dataset/20240315022059-brebre-bn6-vs-BiohazrdMnSP-round2-p1/actions.jsonl,normal,quantile,0.998253,0.556193,"normal | owner=0->P,1->E | entities=as-is","flipped | owner=0->P,1->E | entities=swap",True,False,True,False,
20231110032750-friedeggs-bn6-vs-BiohazrdMnSP-round1-p2,data/dataset/20231110032750-friedeggs-bn6-vs-BiohazrdMnSP-round1-p2/actions.jsonl,flip,quantile,0.790185,1.000000,"normal | owner=0->P,1->E | entities=as-is","flipped | owner=0->P,1->E | entities=swap",True,False,True,True,
20240315015352-brebre-bn6-vs-BiohazrdMnSP-round2-p1,data/dataset/20240315015352-brebre-bn6-vs-BiohazrdMnSP-round2-p1/actions.jsonl,normal,quantile,0.988064,0.599817,"normal | owner=0->P,1->E | entities=as-is","flipped | owner=0->P,1->E | entities=swap",True,False,True,False,
20231110031308-friedeggs-bn6-vs-BiohazrdMnSP-round2-p1,data/dataset/20231110031308-friedeggs-bn6-vs-BiohazrdMnSP-round2-p1/actions.jsonl,normal,quantile,0.995827,0.714768,"normal | owner=0->P,1->E | entities=as-is","flipped | owner=0->P,1->E | entities=swap",True,False,True,False,
20240329015757-bathtubbaby-bn6-vs-BiohazrdMnSP-round1-p1,data/dataset/20240329015757-bathtubbaby-bn6-vs-BiohazrdMnSP-round1-p1/actions.jsonl,unknown (only 272 entity-observations; need >= 1000),quantile,1.000000,1.000000,"normal | owner=0->P,1->E | entities=as-is","flipped | owner=0->P,1->E | entities=swap",True,False,True,False,
20231117042400-errands-bn6-vs-BiohazrdMnSP-round1-p1,data/dataset/20231117042400-errands-bn6-vs-BiohazrdMnSP-round1-p1/actions.jsonl,normal,quantile,0.999929,0.792510,"normal | owner=0->P,1->E | entities=as-is","flipped | owner=0->P,1->E | entities=swap",True,False,True,False,
20231117042941-errands-bn6-vs-BiohazrdMnSP-round2-p1,data/dataset/20231117042941-errands-bn6-vs-BiohazrdMnSP-round2-p1/actions.jsonl,normal,quantile,0.997051,0.878946,"normal | owner=0->P,1->E | entities=as-is","flipped | owner=0->P,1->E | entities=swap",True,False,True,False,
20231117025814-errands-bn6-vs-IndianaOrz-round2-p1,data/dataset/20231117025814-errands-bn6-vs-IndianaOrz-round2-p1/actions.jsonl,normal,quantile,0.994442,0.791657,"normal | owner=0->P,1->E | entities=as-is","flipped | owner=0->P,1->E | entities=swap",True,False,True,False,
20240322023347-zoezoe-bn6-vs-BiohazrdMnSP-round1-p2,data/dataset/20240322023347-zoezoe-bn6-vs-BiohazrdMnSP-round1-p2/actions.jsonl,unclear,quantile,0.997893,0.997893,"normal | owner=0->P,1->E | entities=as-is","flipped | owner=0->P,1->E | entities=swap",True,False,True,False,
20231117030721-errands-bn6-vs-IndianaOrz-round1-p2,data/dataset/20231117030721-errands-bn6-vs-IndianaOrz-round1-p2/actions.jsonl,flip,quantile,0.704331,0.903907,"normal | owner=0->P,1->E | entities=as-is","flipped | owner=0->P,1->E | entities=swap",True,False,True,True,
20231110034602-friedeggs-bn6-vs-BiohazrdMnSP-round2-p1,data/dataset/20231110034602-friedeggs-bn6-vs-BiohazrdMnSP-round2-p1/actions.jsonl,normal,quantile,0.988091,0.786673,"normal | owner=0->P,1->E | entities=as-is","flipped | owner=0->P,1->E | entities=swap",True,False,True,False,
20231117043624-errands-bn6-vs-BiohazrdMnSP-round1-p1,data/dataset/20231117043624-errands-bn6-vs-BiohazrdMnSP-round1-p1/actions.jsonl,normal,quantile,1.000000,0.975928,"normal | owner=0->P,1->E | entities=as-is","flipped | owner=0->P,1->E | entities=swap",True,False,True,False,
20240315025917-brebre-bn6-vs-BiohazrdMnSP-round2-p1,data/dataset/20240315025917-brebre-bn6-vs-BiohazrdMnSP-round2-p1/actions.jsonl,normal,quantile,0.909033,0.787653,"normal | owner=0->P,1->E | entities=as-is","flipped | owner=0->P,1->E | entities=swap",True,False,True,False,
20231110023115-friedeggs-bn6-vs-BiohazrdMnSP-round1-p2,data/dataset/20231110023115-friedeggs-bn6-vs-BiohazrdMnSP-round1-p2/actions.jsonl,flip,kmeans,0.955584,1.000000,"normal | owner=0->P,1->E | entities=as-is","flipped | owner=0->P,1->E | entities=swap",True,False,True,True,
20240322021208-zoezoe-bn6-vs-BiohazrdMnSP-round2-p1,data/dataset/20240322021208-zoezoe-bn6-vs-BiohazrdMnSP-round2-p1/actions.jsonl,normal,quantile,0.998526,0.577345,"normal | owner=0->P,1->E | entities=as-is","flipped | owner=0->P,1->E | entities=swap",True,False,True,False,
20240315030533-brebre-bn6-vs-BiohazrdMnSP-round1-p1,data/dataset/20240315030533-brebre-bn6-vs-BiohazrdMnSP-round1-p1/actions.jsonl,normal,quantile,0.996838,0.714536,"normal | owner=0->P,1->E | entities=as-is","flipped | owner=0->P,1->E | entities=swap",True,False,True,False,
20240322023620-zoezoe-bn6-vs-BiohazrdMnSP-round2-p1,data/dataset/20240322023620-zoezoe-bn6-vs-BiohazrdMnSP-round2-p1/actions.jsonl,normal,quantile,0.998631,0.708313,"normal | owner=0->P,1->E | entities=as-is","flipped | owner=0->P,1->E | entities=swap",True,False,True,False,
20240315031050-brebre-bn6-vs-BiohazrdMnSP-round2-p2,data/dataset/20240315031050-brebre-bn6-vs-BiohazrdMnSP-round2-p2/actions.jsonl,normal,kmeans,0.747618,0.601277,"normal | owner=0->P,1->E | entities=as-is","flipped | owner=0->P,1->E | entities=swap",True,False,True,False,
20240315021347-brebre-bn6-vs-BiohazrdMnSP-round1-p1,data/dataset/20240315021347-brebre-bn6-vs-BiohazrdMnSP-round1-p1/actions.jsonl,normal,quantile,0.983729,0.640373,"normal | owner=0->P,1->E | entities=as-is","flipped | owner=0->P,1->E | entities=swap",True,False,True,False,
20231103040445-aubreyisamonster-bn6-vs-BiohazrdMnSP-round2-p2,data/dataset/20231103040445-aubreyisamonster-bn6-vs-BiohazrdMnSP-round2-p2/actions.jsonl,flip,quantile,0.722680,0.997452,"normal | owner=0->P,1->E | entities=as-is","flipped | owner=0->P,1->E | entities=swap",True,False,True,True,
20240322015509-zoezoe-bn6-vs-BiohazrdMnSP-round3-p1,data/dataset/20240322015509-zoezoe-bn6-vs-BiohazrdMnSP-round3-p1/actions.jsonl,normal,quantile,0.998683,0.719109,"normal | owner=0->P,1->E | entities=as-is","flipped | owner=0->P,1->E | entities=swap",True,False,True,False,
20231023024733-timechamber-bn6-vs-BiohazrdMnSP-round1-p2,data/dataset/20231023024733-timechamber-bn6-vs-BiohazrdMnSP-round1-p2/actions.jsonl,flip,quantile,0.601548,0.999745,"normal | owner=0->P,1->E | entities=swap","flipped | owner=0->P,1->E | entities=as-is",True,False,False,True,
20240329022644-bathtubbaby-bn6-vs-BiohazrdMnSP-round2-p2,data/dataset/20240329022644-bathtubbaby-bn6-vs-BiohazrdMnSP-round2-p2/actions.jsonl,flip,quantile,0.676938,1.000000,"normal | owner=0->P,1->E | entities=swap","flipped | owner=0->P,1->E | entities=as-is",True,False,False,True,
20240322022318-zoezoe-bn6-vs-BiohazrdMnSP-round2-p1,data/dataset/20240322022318-zoezoe-bn6-vs-BiohazrdMnSP-round2-p1/actions.jsonl,normal,quantile,0.997538,0.925350,"normal | owner=0->P,1->E | entities=as-is","flipped | owner=0->P,1->E | entities=swap",True,False,True,False,
20240322021715-zoezoe-bn6-vs-BiohazrdMnSP-round1-p1,data/dataset/20240322021715-zoezoe-bn6-vs-BiohazrdMnSP-round1-p1/actions.jsonl,normal,quantile,1.000000,0.796110,"normal | owner=0->P,1->E | entities=as-is","flipped | owner=0->P,1->E | entities=swap",True,False,True,False,
20240315022559-brebre-bn6-vs-BiohazrdMnSP-round1-p2,data/dataset/20240315022559-brebre-bn6-vs-BiohazrdMnSP-round1-p2/actions.jsonl,normal,quantile,0.983516,0.924904,"normal | owner=0->P,1->E | entities=as-is","flipped | owner=0->P,1->E | entities=swap",True,False,True,False,
20231110043833-friedeggs-bn6-vs-BiohazrdMnSP-round2-p2,data/dataset/20231110043833-friedeggs-bn6-vs-BiohazrdMnSP-round2-p2/actions.jsonl,flip,quantile,0.784628,0.860111,"normal | owner=0->P,1->E | entities=as-is","flipped | owner=0->P,1->E | entities=swap",True,False,True,True,
20240315025152-brebre-bn6-vs-BiohazrdMnSP-round1-p1,data/dataset/20240315025152-brebre-bn6-vs-BiohazrdMnSP-round1-p1/actions.jsonl,normal,quantile,0.999091,0.844214,"normal | owner=0->P,1->E | entities=as-is","flipped | owner=0->P,1->E | entities=swap",True,False,True,False,
20240315014837-brebre-bn6-vs-BiohazrdMnSP-round1-p2,data/dataset/20240315014837-brebre-bn6-vs-BiohazrdMnSP-round1-p2/actions.jsonl,flip,quantile,0.829641,0.868225,"normal | owner=0->P,1->E | entities=as-is","flipped | owner=0->P,1->E | entities=swap",True,False,True,True,
20240315033413-brebre-bn6-vs-BiohazrdMnSP-round3-p1,data/dataset/20240315033413-brebre-bn6-vs-BiohazrdMnSP-round3-p1/actions.jsonl,normal,kmeans,0.998278,0.972074,"normal | owner=0->P,1->E | entities=as-is","flipped | owner=0->P,1->E | entities=swap",True,False,True,False,
20231117031214-errands-bn6-vs-IndianaOrz-round2-p2,data/dataset/20231117031214-errands-bn6-vs-IndianaOrz-round2-p2/actions.jsonl,flip,quantile,0.794006,0.997391,"normal | owner=0->P,1->E | entities=as-is","flipped | owner=0->P,1->E | entities=swap",True,False,True,True,
20231110045525-friedeggs-bn6-vs-BiohazrdMnSP-round2-p2,data/dataset/20231110045525-friedeggs-bn6-vs-BiohazrdMnSP-round2-p2/actions.jsonl,flip,quantile,0.838983,0.998533,"normal | owner=0->P,1->E | entities=as-is","flipped | owner=0->P,1->E | entities=swap",True,False,True,True,
20231117044338-errands-bn6-vs-BiohazrdMnSP-round2-p1,data/dataset/20231117044338-errands-bn6-vs-BiohazrdMnSP-round2-p1/actions.jsonl,unclear,quantile,0.996793,0.993676,"normal | owner=0->P,1->E | entities=as-is","flipped | owner=0->P,1->E | entities=swap",True,False,True,False,
20240315024207-brebre-bn6-vs-BiohazrdMnSP-round3-p1,data/dataset/20240315024207-brebre-bn6-vs-BiohazrdMnSP-round3-p1/actions.jsonl,normal,quantile,0.998573,0.941917,"normal | owner=0->P,1->E | entities=as-is","flipped | owner=0->P,1->E | entities=swap",True,False,True,False,
20240329034648-bathtubbaby-bn6-vs-BiohazrdMnSP-round2-p1,data/dataset/20240329034648-bathtubbaby-bn6-vs-BiohazrdMnSP-round2-p1/actions.jsonl,normal,quantile,0.995181,0.909189,"normal | owner=0->P,1->E | entities=as-is","flipped | owner=0->P,1->E | entities=swap",True,False,True,False,
20240329022932-bathtubbaby-bn6-vs-BiohazrdMnSP-round1-p1,data/dataset/20240329022932-bathtubbaby-bn6-vs-BiohazrdMnSP-round1-p1/actions.jsonl,normal,quantile,1.000000,0.854712,"normal | owner=0->P,1->E | entities=as-is","flipped | owner=0->P,1->E | entities=swap",True,False,True,False,
20240322024700-zoezoe-bn6-vs-BiohazrdMnSP-round2-p1,data/dataset/20240322024700-zoezoe-bn6-vs-BiohazrdMnSP-round2-p1/actions.jsonl,normal,quantile,0.999965,0.745853,"normal | owner=0->P,1->E | entities=as-is","flipped | owner=0->P,1->E | entities=swap",True,False,True,False,
20240329021024-bathtubbaby-bn6-vs-BiohazrdMnSP-round2-p1,data/dataset/20240329021024-bathtubbaby-bn6-vs-BiohazrdMnSP-round2-p1/actions.jsonl,normal,quantile,1.000000,0.765709,"normal | owner=0->P,1->E | entities=as-is","flipped | owner=0->P,1->E | entities=swap",True,False,True,False,
20240315032254-brebre-bn6-vs-BiohazrdMnSP-round1-p2,data/dataset/20240315032254-brebre-bn6-vs-BiohazrdMnSP-round1-p2/actions.jsonl,flip,quantile,0.644585,0.828194,"normal | owner=0->P,1->E | entities=as-is","flipped | owner=0->P,1->E | entities=swap",True,False,True,True,
20240322033206-zoezoe-bn6-vs-BiohazrdMnSP-round1-p1,data/dataset/20240322033206-zoezoe-bn6-vs-BiohazrdMnSP-round1-p1/actions.jsonl,normal,quantile,0.959947,0.641730,"normal | owner=0->P,1->E | entities=as-is","flipped | owner=0->P,1->E | entities=swap",True,False,True,False,
20231110030412-friedeggs-bn6-vs-BiohazrdMnSP-round1-p2,data/dataset/20231110030412-friedeggs-bn6-vs-BiohazrdMnSP-round1-p2/actions.jsonl,flip,quantile,0.906999,0.992282,"normal | owner=0->P,1->E | entities=as-is","flipped | owner=0->P,1->E | entities=swap",True,False,True,True,
20240322013915-zoezoe-bn6-vs-BiohazrdMnSP-round1-p1,data/dataset/20240322013915-zoezoe-bn6-vs-BiohazrdMnSP-round1-p1/actions.jsonl,normal,quantile,0.999947,0.687891,"normal | owner=0->P,1->E | entities=as-is","flipped | owner=0->P,1->E | entities=swap",True,False,True,False,
20240329033027-bathtubbaby-bn6-vs-BiohazrdMnSP-round2-p1,data/dataset/20240329033027-bathtubbaby-bn6-vs-BiohazrdMnSP-round2-p1/actions.jsonl,normal,quantile,0.999951,0.794588,"normal | owner=0->P,1->E | entities=as-is","flipped | owner=0->P,1->E | entities=swap",True,False,True,False,
20240322030809-zoezoe-bn6-vs-BiohazrdMnSP-round2-p1,data/dataset/20240322030809-zoezoe-bn6-vs-BiohazrdMnSP-round2-p1/actions.jsonl,unclear,quantile,0.999004,1.000000,"normal | owner=0->P,1->E | entities=as-is","flipped | owner=0->P,1->E | entities=swap",True,False,True,False,
20240329034204-bathtubbaby-bn6-vs-BiohazrdMnSP-round1-p1,data/dataset/20240329034204-bathtubbaby-bn6-vs-BiohazrdMnSP-round1-p1/actions.jsonl,normal,quantile,0.998464,0.653383,"normal | owner=0->P,1->E | entities=as-is","flipped | owner=0->P,1->E | entities=swap",True,False,True,False,
20231117045213-errands-bn6-vs-BiohazrdMnSP-round3-p2,data/dataset/20231117045213-errands-bn6-vs-BiohazrdMnSP-round3-p2/actions.jsonl,flip,quantile,0.736528,1.000000,"normal | owner=0->P,1->E | entities=as-is","flipped | owner=0->P,1->E | entities=swap",True,False,True,True,
20240322033751-zoezoe-bn6-vs-BiohazrdMnSP-round2-p1,data/dataset/20240322033751-zoezoe-bn6-vs-BiohazrdMnSP-round2-p1/actions.jsonl,normal,quantile,1.000000,0.832169,"normal | owner=0->P,1->E | entities=as-is","flipped | owner=0->P,1->E | entities=swap",True,False,True,False,
20240322024119-zoezoe-bn6-vs-BiohazrdMnSP-round1-p2,data/dataset/20240322024119-zoezoe-bn6-vs-BiohazrdMnSP-round1-p2/actions.jsonl,flip,quantile,0.833093,0.933354,"normal | owner=0->P,1->E | entities=as-is","flipped | owner=0->P,1->E | entities=swap",True,False,True,True,
20240329024252-bathtubbaby-bn6-vs-BiohazrdMnSP-round1-p1,data/dataset/20240329024252-bathtubbaby-bn6-vs-BiohazrdMnSP-round1-p1/actions.jsonl,normal,quantile,1.000000,0.794083,"normal | owner=0->P,1->E | entities=as-is","flipped | owner=0->P,1->E | entities=swap",True,False,True,False,
20240405024019-geddon-bn6-vs-BiohazrdMnSP-round3-p1,data/dataset/20240405024019-geddon-bn6-vs-BiohazrdMnSP-round3-p1/actions.jsonl,normal,quantile,0.992201,0.592444,"normal | owner=0->P,1->E | entities=as-is","flipped | owner=0->P,1->E | entities=swap",True,False,True,False,
20240329032421-bathtubbaby-bn6-vs-BiohazrdMnSP-round1-p1,data/dataset/20240329032421-bathtubbaby-bn6-vs-BiohazrdMnSP-round1-p1/actions.jsonl,normal,quantile,0.997406,0.576771,"normal | owner=0->P,1->E | entities=as-is","flipped | owner=0->P,1->E | entities=swap",True,False,True,False,
20240315032813-brebre-bn6-vs-BiohazrdMnSP-round2-p2,data/dataset/20240315032813-brebre-bn6-vs-BiohazrdMnSP-round2-p2/actions.jsonl,flip,quantile,0.846684,0.996343,"normal | owner=0->P,1->E | entities=as-is","flipped | owner=0->P,1->E | entities=swap",True,False,True,True,
20240405024451-geddon-bn6-vs-BiohazrdMnSP-round1-p1,data/dataset/20240405024451-geddon-bn6-vs-BiohazrdMnSP-round1-p1/actions.jsonl,normal,quantile,0.989743,0.871380,"normal | owner=0->P,1->E | entities=swap","flipped | owner=0->P,1->E | entities=as-is",True,False,False,False,
20240405014715-geddon-bn6-vs-BiohazrdMnSP-round2-p1,data/dataset/20240405014715-geddon-bn6-vs-BiohazrdMnSP-round2-p1/actions.jsonl,normal,quantile,0.997319,0.824396,"normal | owner=0->P,1->E | entities=as-is","flipped | owner=0->P,1->E | entities=swap",True,False,True,False,
20240322032252-zoezoe-bn6-vs-BiohazrdMnSP-round2-p1,data/dataset/20240322032252-zoezoe-bn6-vs-BiohazrdMnSP-round2-p1/actions.jsonl,normal,quantile,1.000000,0.835487,"normal | owner=0->P,1->E | entities=as-is","flipped | owner=0->P,1->E | entities=swap",True,False,True,False,
20240405020210-geddon-bn6-vs-BiohazrdMnSP-round2-p1,data/dataset/20240405020210-geddon-bn6-vs-BiohazrdMnSP-round2-p1/actions.jsonl,normal,quantile,1.000000,0.805775,"normal | owner=0->P,1->E | entities=as-is","flipped | owner=0->P,1->E | entities=swap",True,False,True,False,
20240405030118-geddon-bn6-vs-BiohazrdMnSP-round1-p2,data/dataset/20240405030118-geddon-bn6-vs-BiohazrdMnSP-round1-p2/actions.jsonl,unclear,quantile,0.994651,0.994651,"normal | owner=0->P,1->E | entities=as-is","flipped | owner=0->P,1->E | entities=swap",True,False,True,False,
20231117041029-errands-bn6-vs-BiohazrdMnSP-round2-p2,data/dataset/20231117041029-errands-bn6-vs-BiohazrdMnSP-round2-p2/actions.jsonl,flip,quantile,0.716731,0.995010,"normal | owner=0->P,1->E | entities=as-is","flipped | owner=0->P,1->E | entities=swap",True,False,True,True,
20240322031646-zoezoe-bn6-vs-BiohazrdMnSP-round1-p2,data/dataset/20240322031646-zoezoe-bn6-vs-BiohazrdMnSP-round1-p2/actions.jsonl,flip,quantile,0.614712,0.932913,"normal | owner=0->P,1->E | entities=as-is","flipped | owner=0->P,1->E | entities=swap",True,False,True,True,
20240405031208-geddon-bn6-vs-BiohazrdMnSP-round3-p1,data/dataset/20240405031208-geddon-bn6-vs-BiohazrdMnSP-round3-p1/actions.jsonl,normal,quantile,0.987545,0.847192,"normal | owner=0->P,1->E | entities=as-is","flipped | owner=0->P,1->E | entities=swap",True,False,True,False,
20240329023433-bathtubbaby-bn6-vs-BiohazrdMnSP-round2-p1,data/dataset/20240329023433-bathtubbaby-bn6-vs-BiohazrdMnSP-round2-p1/actions.jsonl,normal,kmeans,0.930026,0.846763,"normal | owner=0->P,1->E | entities=as-is","flipped | owner=0->P,1->E | entities=swap",True,False,True,False,
20240322014725-zoezoe-bn6-vs-BiohazrdMnSP-round2-p2,data/dataset/20240322014725-zoezoe-bn6-vs-BiohazrdMnSP-round2-p2/actions.jsonl,flip,quantile,0.839329,0.998231,"normal | owner=0->P,1->E | entities=as-is","flipped | owner=0->P,1->E | entities=swap",True,False,True,True,
20240405024913-geddon-bn6-vs-BiohazrdMnSP-round2-p1,data/dataset/20240405024913-geddon-bn6-vs-BiohazrdMnSP-round2-p1/actions.jsonl,normal,quantile,1.000000,0.791507,"normal | owner=0->P,1->E | entities=as-is","flipped | owner=0->P,1->E | entities=swap",True,False,True,False,
20240315023319-brebre-bn6-vs-BiohazrdMnSP-round2-p2,data/dataset/20240315023319-brebre-bn6-vs-BiohazrdMnSP-round2-p2/actions.jsonl,flip,quantile,0.773024,0.996391,"normal | owner=0->P,1->E | entities=as-is","flipped | owner=0->P,1->E | entities=swap",True,False,True,True,
20240405022422-geddon-bn6-vs-BiohazrdMnSP-round2-p2,data/dataset/20240405022422-geddon-bn6-vs-BiohazrdMnSP-round2-p2/actions.jsonl,flip,quantile,0.834851,1.000000,"normal | owner=0->P,1->E | entities=as-is","flipped | owner=0->P,1->E | entities=swap",True,False,True,True,
20240329030351-bathtubbaby-bn6-vs-BiohazrdMnSP-round3-p1,data/dataset/20240329030351-bathtubbaby-bn6-vs-BiohazrdMnSP-round3-p1/actions.jsonl,normal,quantile,0.983196,0.695393,"normal | owner=0->P,1->E | entities=as-is","flipped | owner=0->P,1->E | entities=swap",True,False,True,False,
20240405021628-geddon-bn6-vs-BiohazrdMnSP-round1-p1,data/dataset/20240405021628-geddon-bn6-vs-BiohazrdMnSP-round1-p1/actions.jsonl,normal,quantile,0.995379,0.868629,"normal | owner=0->P,1->E | entities=as-is","flipped | owner=0->P,1->E | entities=swap",True,False,True,False,
20240329033503-bathtubbaby-bn6-vs-BiohazrdMnSP-round3-p2,data/dataset/20240329033503-bathtubbaby-bn6-vs-BiohazrdMnSP-round3-p2/actions.jsonl,flip,kmeans,0.927337,1.000000,"normal | owner=0->P,1->E | entities=as-is","flipped | owner=0->P,1->E | entities=swap",True,False,True,True,
20240329021654-bathtubbaby-bn6-vs-BiohazrdMnSP-round1-p1,data/dataset/20240329021654-bathtubbaby-bn6-vs-BiohazrdMnSP-round1-p1/actions.jsonl,normal,quantile,0.986981,0.800538,"normal | owner=0->P,1->E | entities=as-is","flipped | owner=0->P,1->E | entities=swap",True,False,True,False,
20240405023547-geddon-bn6-vs-BiohazrdMnSP-round2-p2,data/dataset/20240405023547-geddon-bn6-vs-BiohazrdMnSP-round2-p2/actions.jsonl,flip,quantile,0.882444,0.996369,"normal | owner=0->P,1->E | entities=as-is","flipped | owner=0->P,1->E | entities=swap",True,False,True,True,
20240405015358-geddon-bn6-vs-BiohazrdMnSP-round1-p1,data/dataset/20240405015358-geddon-bn6-vs-BiohazrdMnSP-round1-p1/actions.jsonl,normal,quantile,0.993377,0.612266,"normal | owner=0->P,1->E | entities=as-is","flipped | owner=0->P,1->E | entities=swap",True,False,True,False,
20240405025504-geddon-bn6-vs-BiohazrdMnSP-round3-p2,data/dataset/20240405025504-geddon-bn6-vs-BiohazrdMnSP-round3-p2/actions.jsonl,flip,quantile,0.967914,0.993365,"normal | owner=0->P,1->E | entities=as-is","flipped | owner=0->P,1->E | entities=swap",True,False,True,True,
20240322020328-zoezoe-bn6-vs-BiohazrdMnSP-round1-p2,data/dataset/20240322020328-zoezoe-bn6-vs-BiohazrdMnSP-round1-p2/actions.jsonl,flip,quantile,0.658110,1.000000,"normal | owner=0->P,1->E | entities=as-is","flipped | owner=0->P,1->E | entities=swap",True,False,True,True,
20240405023023-geddon-bn6-vs-BiohazrdMnSP-round1-p2,data/dataset/20240405023023-geddon-bn6-vs-BiohazrdMnSP-round1-p2/actions.jsonl,flip,quantile,0.635492,0.718818,"normal | owner=0->P,1->E | entities=as-is","flipped | owner=0->P,1->E | entities=swap",True,False,True,True,
20240329020110-bathtubbaby-bn6-vs-BiohazrdMnSP-round1-p2,data/dataset/20240329020110-bathtubbaby-bn6-vs-BiohazrdMnSP-round1-p2/actions.jsonl,flip,quantile,0.853264,0.999293,"normal | owner=0->P,1->E | entities=swap","flipped | owner=0->P,1->E | entities=as-is",True,False,False,True,
20240322025833-zoezoe-bn6-vs-BiohazrdMnSP-round1-p2,data/dataset/20240322025833-zoezoe-bn6-vs-BiohazrdMnSP-round1-p2/actions.jsonl,flip,quantile,0.742579,1.000000,"normal | owner=0->P,1->E | entities=swap","flipped | owner=0->P,1->E | entities=as-is",True,False,False,True,
20240405030519-geddon-bn6-vs-BiohazrdMnSP-round2-p2,data/dataset/20240405030519-geddon-bn6-vs-BiohazrdMnSP-round2-p2/actions.jsonl,flip,quantile,0.648032,0.809562,"normal | owner=0->P,1->E | entities=as-is","flipped | owner=0->P,1->E | entities=swap",True,False,True,True,
20240405013908-geddon-bn6-vs-BiohazrdMnSP-round1-p2,data/dataset/20240405013908-geddon-bn6-vs-BiohazrdMnSP-round1-p2/actions.jsonl,flip,quantile,0.662689,0.998016,"normal | owner=0->P,1->E | entities=as-is","flipped | owner=0->P,1->E | entities=swap",True,False,True,True,
20240329024928-bathtubbaby-bn6-vs-BiohazrdMnSP-round2-p2,data/dataset/20240329024928-bathtubbaby-bn6-vs-BiohazrdMnSP-round2-p2/actions.jsonl,flip,quantile,0.977784,0.999622,"normal | owner=0->P,1->E | entities=swap","flipped | owner=0->P,1->E | entities=as-is",True,False,False,True,
